dataset_name,model_type,fusion_strategy,F1,AUC_ROC,runtime_train,runtime_inference
UNSW_NB15,Fusion_Level_Comparison,lunar_self_ensemble,0.8404515613265825,0.8869589477836898,0.0,0.0
CICIDS,Fusion_Level_Comparison,lunar_self_ensemble,0.6814979224198002,0.7920475660384758,0.0,0.0
CICIDS,Fusion_Level_Comparison,lunar_self_ensemble,0.6839227879258971,0.7987139290771867,0.0,0.0
UNSW_NB15,Fusion_Level_Comparison,lunar_self_ensemble,0.835071802833301,0.8498960535006639,0.0,0.0
UNSW_NB15,Fusion_Level_Comparison,lunar_self_ensemble,0.8453278163637259,0.8837447987062621,0.0,0.0
CICIDS,Fusion_Level_Comparison,lunar_self_ensemble,0.681156807705184,0.7915203284192457,0.0,0.0
CICIDS,IsolationForest,none,0.5504361210877373,0.8172684189773849,0.5371296405792236,0.8836503028869629
CICIDS,IsolationForest,none,0.5354092714300777,0.8105224989830783,0.4857537746429443,1.0676250457763672
CICIDS,IsolationForest,none,0.5681904520704065,0.8290394473421971,0.6339356899261475,1.1888210773468018
CICIDS,OneClassSVM,none,0.3913812087723374,0.7681740144018928,0.7893803119659424,1.6612484455108645
CICIDS,OneClassSVM,none,0.3913851624373686,0.7677778222360112,0.7912337779998779,1.672520875930786
CICIDS,OneClassSVM,none,0.3913100564583733,0.7671508175371301,0.8203878402709961,1.8032398223876955
CICIDS,LOF,none,0.6918071576456669,0.857459903961906,1.645322322845459,3.281114101409912
UNSW_NB15,IsolationForest,none,0.8009126829539763,0.8456306496227727,1.523547887802124,3.494789361953736
UNSW_NB15,IsolationForest,none,0.7937439771380468,0.8461774325927527,1.9875879287719729,4.836817026138306
CICIDS,Ensemble_without_LUNAR,rank_mean,0.7253670886075949,0.8837562617710255,4.8497068881988525,6.038775444030762
CICIDS,LUNAR_Epochs_v2,none,0.6676,0.8641704603898699,74.47022557258606,7.487494468688965
CICIDS,LUNAR_Epochs_v2,none,0.6596195545042381,0.8610964546712678,42.22147464752197,7.539852857589722
CICIDS,LUNAR_Epochs_v2,none,0.6655362233362823,0.8641025366120789,39.887025356292725,7.554792165756226
CICIDS,LUNAR,none,0.6717907363540144,0.8667508785394951,192.64577674865723,7.596139430999756
CICIDS,LUNAR_Epochs_v2,none,0.6655362233362823,0.8641027094537018,22.324023246765137,7.611987352371216
CICIDS,LUNAR_Epochs_v2,none,0.6686377189246072,0.8648072876866975,109.25104236602785,7.617540597915649
CICIDS,LUNAR_Epochs_v2,none,0.6698127416034941,0.8654097565380485,145.60699224472046,7.643815279006958
CICIDS,LUNAR_Epochs_v2,none,0.6719152157456473,0.8669725283378864,215.39916515350345,7.644355535507202
CICIDS,LUNAR_Epochs_v2,none,0.6655362233362823,0.8641025996183846,56.361583948135376,7.650588035583496
CICIDS,LUNAR_Epochs_v2,none,0.6710420438543553,0.8660270169711469,179.47140741348267,7.672835826873779
CICIDS,LUNAR_Epochs_v2,none,0.6596195545042381,0.8610568134876162,78.11628675460815,7.674646377563477
CICIDS,LUNAR_Epochs_v2,none,0.6596520624907595,0.8610818993631677,114.86882185935974,7.708882570266724
CICIDS,LUNAR,none,0.6895138276345146,0.8735030514839444,165.36441087722778,7.710570335388184
CICIDS,LUNAR_Epochs_v2,none,0.6596358080969864,0.8610812263025621,60.14773440361023,7.727471590042114
CICIDS,LUNAR_Epochs_v2,none,0.6598304082035101,0.8612880283243929,23.68769359588623,7.731243848800659
UNSW_NB15,IsolationForest,none,0.7962940251747628,0.8443037666807347,3.5272746086120605,7.85665488243103
CICIDS,LUNAR_Fusion_v2,stacking_lr,0.2661753787774631,0.8638004963016933,229.54283952713013,8.158864974975586
CICIDS,LUNAR_Fusion_v2,rank_mean,0.3800543662928984,0.7940720953026981,227.00521779060364,8.252798557281494
CICIDS,LUNAR_Fusion_v2,rank_mean,0.2897234832851836,0.8557564641983662,228.93193912506104,8.334280490875244
CICIDS,LUNAR_Fusion_v2,stacking_lr,0.4201957932666218,0.8627344066170326,225.6747543811798,8.442802906036377
CICIDS,LUNAR_Fusion_v2,stacking_lr,0.4391234877881762,0.8569336433661354,181.1315898895264,8.565955400466919
CICIDS,LUNAR_Fusion_v2,rank_mean,0.5009155413138018,0.7937385348106298,226.9341087341309,8.603840589523315
CICIDS,LUNAR_Fusion_v2,rank_mean,0.4552525951557093,0.8538549662408126,226.6675455570221,8.72239351272583
CICIDS,LUNAR_Fusion_v2,stacking_lr,0.2817883511074651,0.8579419979886753,179.45792961120603,8.771660327911377
CICIDS,LUNAR_Epochs_v2,none,0.687146911041108,0.8710595962718031,203.4806978702545,8.797334432601929
CICIDS,LUNAR_Fusion_v2,stacking_lr,0.6150838631248665,0.8574557046767612,232.37279796600345,8.88773512840271
CICIDS,LUNAR_Fusion_v2,rank_mean,0.628129500660919,0.8531607491393918,213.9159586429596,9.005133867263794
CICIDS,LUNAR_Fusion_v2,rank_mean,0.5846785225718194,0.7937121347427383,230.17226767539975,9.05002760887146
CICIDS,LUNAR_Fusion_v2,stacking_lr,0.5918520217075595,0.8628155229786995,227.68415188789368,9.054301738739014
CICIDS,LUNAR_Epochs_v2,none,0.6964557086131673,0.8770853580211067,297.72543144226074,9.215192556381226
CICIDS,LUNAR_Fusion_v2,rank_mean,0.2905554950836326,0.8537943218199446,233.73914694786072,9.25454306602478
CICIDS,Robustness_Analysis,rank_mean,0.4532498380479378,0.9008152093026568,216.243928194046,9.290567398071287
CICIDS,LUNAR_Epochs_v2,none,0.6971563167063326,0.8755881613112919,255.9981215000153,9.32740592956543
CICIDS,Robustness_Analysis,rank_mean,0.6340055418719212,0.8982711909176757,215.56659293174744,9.62687087059021
CICIDS,LUNAR_Epochs_v2,none,0.6667330528517016,0.8639310491989882,57.38923001289368,9.768521070480348
CICIDS,LUNAR_Epochs_v2,none,0.6686541737649063,0.8647936455443147,108.7070562839508,9.77863097190857
CICIDS,LUNAR_Epochs_v2,none,0.6701491787633733,0.8655918451878256,160.2871949672699,9.790181875228882
CICIDS,LUNAR_Epochs_v2,none,0.6712849837519208,0.8664826709125062,212.4995958805084,9.82425022125244
CICIDS,LUNAR_Epochs_v2,none,0.6726464197281318,0.8672718896031163,263.8164863586426,9.824477434158323
CICIDS,LUNAR_Epochs_v2,none,0.6681012911620459,0.8644161568854838,83.25077962875366,9.82455348968506
CICIDS,LUNAR_Epochs_v2,none,0.6667330528517016,0.8639309538380929,32.61531162261963,9.825597047805786
CICIDS,LUNAR_Epochs_v2,none,0.6733635282508034,0.8676692950661049,315.30710887908936,9.833852529525757
CICIDS,LUNAR_Fusion_v2,stacking_lr,0.2722848865010829,0.8623504351201863,334.1630291938782,9.864426612854004
CICIDS,LUNAR,none,0.674099224649065,0.8680070663377115,316.292822599411,9.893903732299805
CICIDS,LUNAR_Fusion_v2,rank_mean,0.2740530425243596,0.8516844007053382,331.4503195285797,10.003857374191284
CICIDS,LUNAR_Fusion_v2,rank_mean,0.3675157128680119,0.79839355478322,331.15784335136414,10.085502862930298
CICIDS,LUNAR_Fusion_v2,stacking_lr,0.4278483810365786,0.8612005734432084,331.0122804641724,10.1193106174469
CICIDS,LUNAR_Fusion_v2,weighted,0.5072174106151455,0.8083380086282811,235.7915506362915,10.124940395355225
CICIDS,LUNAR_Fusion_v2,rank_mean,0.4973150189361822,0.7978314738253891,336.718866109848,10.279654026031494
CICIDS,LUNAR_Fusion_v2,rank_mean,0.4240070166645783,0.8493510856245343,336.11473774909973,10.328041553497314
CICIDS,Robustness_Analysis,rank_mean,0.7681775145055959,0.8985310067858676,229.35092425346372,10.367961406707764
CICIDS,Robustness_Analysis,rank_mean,0.7511709743963111,0.8709069324183193,215.73078298568728,10.37248921394348
CICIDS,Robustness_Analysis,rank_mean,0.7681402179982035,0.8985370251652363,215.85038113594052,10.392638921737673
CICIDS,Robustness_Analysis,weighted,0.3925032924729004,0.7999975412214839,229.22289395332336,10.40838098526001
CICIDS,Robustness_Analysis,weighted,0.4407435214888631,0.86559048033501,214.83863639831543,10.41820478439331
CICIDS,LUNAR_plus_BestBaseline,rank_mean,0.7681402179982035,0.8985370251652363,216.7165009975433,10.439482688903809
CICIDS,LUNAR_Fusion_v2,stacking_lr,0.5990438320981541,0.8613093708590809,330.381502866745,10.7749125957489
CICIDS,LUNAR_Fusion_v2,rank_mean,0.5838999184117487,0.7971652383352816,331.726145029068,10.838714122772217
CICIDS,LUNAR_Fusion_v2,rank_mean,0.6013667425968109,0.8486369023356349,331.9526491165161,10.941047668457031
CICIDS,LUNAR_Fusion_v2,rank_mean,0.4524415710730325,0.8500037926390407,233.1920478343964,10.941548585891724
CICIDS,LUNAR_Fusion_v2,rank_mean,0.6028383816987927,0.8473447937058429,222.36749291419983,10.963999032974243
CICIDS,LUNAR_Fusion_v2,weighted,0.5649870641862758,0.8116460993763248,236.78640413284305,11.08120322227478
UNSW_NB15,LUNAR_Epochs_v2,none,0.8394387214787715,0.8907379713644508,339.3789157867432,11.317404747009276
UNSW_NB15,LUNAR_Epochs_v2,none,0.8394589260355741,0.8906340034583788,205.9988920688629,11.339688301086426
UNSW_NB15,LUNAR_Epochs_v2,none,0.8394589260355741,0.8905691397859696,107.11595940589903,11.369394302368164
UNSW_NB15,LUNAR_Epochs_v2,none,0.8394488236355978,0.8905849068888074,274.2376515865326,11.377503633499146
UNSW_NB15,LUNAR_Epochs_v2,none,0.8394488236355978,0.8904220073125713,403.2284982204437,11.37965965270996
UNSW_NB15,LUNAR_Epochs_v2,none,0.8394488236355978,0.8906944695936754,140.21426343917847,11.383117198944092
UNSW_NB15,LUNAR_Epochs_v2,none,0.8394589260355741,0.890794047855974,41.0075044631958,11.38732361793518
UNSW_NB15,LUNAR_Fusion_v2,rank_mean,0.6041263700838169,0.8879331591736878,439.6867125034332,11.39816665649414
UNSW_NB15,LUNAR_Epochs_v2,none,0.8391275199923383,0.8908043938134771,106.98388576507568,11.404878377914429
UNSW_NB15,LUNAR_Epochs_v2,none,0.8387950531735721,0.8921547067120086,271.8621850013733,11.413132905960085
CICIDS,Robustness_Analysis,rank_mean,0.7792213984313539,0.9046274462845358,273.4975838661194,11.417150497436523
UNSW_NB15,LUNAR,none,0.8394589260355741,0.890794047855974,302.85055208206177,11.424538612365724
UNSW_NB15,LUNAR_Epochs_v2,none,0.8394387214787715,0.8907214016668873,74.03517389297485,11.44844675064087
UNSW_NB15,LUNAR_Epochs_v2,none,0.8374972896138001,0.893057543056258,404.2669966220856,11.44891905784607
UNSW_NB15,LUNAR_Epochs_v2,none,0.8394814349862392,0.8916327375587436,205.06423807144165,11.451910495758057
UNSW_NB15,LUNAR_Epochs_v2,none,0.8401124558080046,0.8910785569513033,140.1100356578827,11.465195655822754
CICIDS,LUNAR_Fusion_v2,weighted,0.6008032657361074,0.8094762507504392,238.08968019485476,11.479111194610596
UNSW_NB15,LUNAR_Epochs_v2,none,0.8381954561325354,0.8925754507366928,338.33120679855347,11.484572649002075
UNSW_NB15,LUNAR_Epochs_v2,none,0.8408061730929466,0.8888091060687568,40.03312516212464,11.568427801132202
CICIDS,Fusion_Level_Comparison,score_level,0.7681402179982035,0.8985370251652363,254.1997396945953,11.627692699432371
CICIDS,Fusion_Level_Comparison,decision_level_AND,0.7031487154013853,0.7948061732584046,254.1997396945953,11.627692699432371
CICIDS,Fusion_Level_Comparison,feature_level,0.822452229299363,0.9599866087248872,254.1997396945953,11.627692699432371
CICIDS,Fusion_Level_Comparison,decision_level_OR,0.668071446857953,0.8186686945342717,254.1997396945953,11.627692699432371
UNSW_NB15,LUNAR_Epochs_v2,none,0.839398629758948,0.8899622695609726,75.21392297744751,11.692242860794067
UNSW_NB15,LUNAR_Fusion_v2,weighted,0.7457172521197439,0.8833344303180364,308.7555174827576,11.703778266906738
UNSW_NB15,LUNAR_Fusion_v2,rank_mean,0.5343390882849518,0.866733802231526,478.93190121650696,11.715588569641112
UNSW_NB15,LUNAR_Fusion_v2,weighted,0.6055759120599012,0.8882255650812457,306.448938369751,11.758068323135376
UNSW_NB15,LUNAR_Fusion_v2,rank_mean,0.608284955229755,0.8867074448439225,309.4043641090393,11.768558025360107
UNSW_NB15,LUNAR,none,0.8375298171216539,0.893056044584752,399.7775466442108,12.010376930236816
UNSW_NB15,LUNAR_Fusion_v2,rank_mean,0.7533559827643355,0.886618187596175,405.3893911838532,12.506022214889526
UNSW_NB15,LUNAR_Fusion_v2,rank_mean,0.6959975557592423,0.8649169588894488,472.5338015556336,12.593679666519163
CICIDS,Robustness_Analysis,rank_mean,0.7681775145055959,0.8985191458487815,216.67623615264893,12.646626472473145
UNSW_NB15,LUNAR_Epochs_v2,none,0.8415291262135922,0.8837035282246006,835.167581319809,12.923440217971802
UNSW_NB15,LUNAR_Fusion_v2,stacking_lr,0.7306507621981126,0.8928490670239821,468.79710936546326,12.925821781158447
UNSW_NB15,LUNAR_Epochs_v2,none,0.8414131120493036,0.8841426536260519,284.9103031158447,12.997552633285522
UNSW_NB15,LUNAR_Epochs_v2,none,0.8413493613459649,0.8838037098537446,216.24106216430664,13.018630981445312
UNSW_NB15,LUNAR_Epochs_v2,none,0.8412963905655346,0.8839696240540723,698.1080794334412,13.03984022140503
UNSW_NB15,LUNAR_Epochs_v2,none,0.8413582268806639,0.8841713771715194,419.709636926651,13.065857648849487
UNSW_NB15,LUNAR_Epochs_v2,none,0.8426161932753637,0.8838835484534733,77.47244834899902,13.078267812728882
UNSW_NB15,LUNAR_Epochs_v2,none,0.8413083567892847,0.8840211877657315,560.0620021820068,13.092493534088137
UNSW_NB15,LUNAR_Epochs_v2,none,0.8434665688791101,0.8842673396530158,147.18062257766724,13.159079313278198
UNSW_NB15,LUNAR_Fusion_v2,rank_mean,0.692282273461595,0.8569848337558201,310.51140809059143,13.25213098526001
UNSW_NB15,LUNAR_Fusion_v2,stacking_lr,0.8055089485458613,0.8940716416991635,306.98254227638245,13.345257759094238
UNSW_NB15,LUNAR_Fusion_v2,rank_mean,0.7504760327841709,0.8867372191506988,312.6954002380371,13.371270179748535
UNSW_NB15,LUNAR,none,0.8413233155598643,0.883858053283722,417.9406869411469,13.584720611572266
CICIDS,Ensemble_with_LUNAR,rank_mean,0.7086863881869084,0.8894211293601743,217.36609840393064,13.726983070373535
UNSW_NB15,LUNAR_Fusion_v2,stacking_lr,0.6088033102010231,0.8938635082378069,469.6919519901276,13.947343111038208
UNSW_NB15,LUNAR_Fusion_v2,stacking_lr,0.7427344923803392,0.8952885148576033,419.38873958587646,14.485991954803469
UNSW_NB15,LUNAR_Fusion_v2,stacking_lr,0.63773282887078,0.8782205960411194,425.525616645813,14.515027284622192
UNSW_NB15,LUNAR_Fusion_v2,mean,0.7080339119903108,0.8782159863310504,420.9751033782959,14.634731769561768
UNSW_NB15,LUNAR_Fusion_v2,rank_mean,0.8261804379421762,0.8873313725748428,401.7213163375855,15.098508358001707
UNSW_NB15,LUNAR_Fusion_v2,rank_mean,0.7950401485770471,0.8643261351914956,473.175940990448,15.138887405395508
UNSW_NB15,LUNAR_Fusion_v2,stacking_lr,0.8142413172673246,0.8941624927699539,473.0393402576447,15.361130475997925
UNSW_NB15,LUNAR_Fusion_v2,stacking_lr,0.8440391611123318,0.8951340444203888,306.1537930965424,16.407114028930664
UNSW_NB15,LUNAR_Fusion_v2,stacking_lr,0.782643903097375,0.883134393528256,433.137844324112,16.43125891685486
UNSW_NB15,LUNAR_Fusion_v2,weighted,0.8391357697952506,0.8843338107250116,308.88065671920776,16.449493169784546
UNSW_NB15,LUNAR_Fusion_v2,rank_mean,0.8238316089903674,0.8875324702294062,305.73118257522583,16.580998420715332
UNSW_NB15,LUNAR_Fusion_v2,weighted,0.7937807626845761,0.891868702302509,419.525975227356,16.688040733337402
UNSW_NB15,LUNAR_Fusion_v2,stacking_lr,0.7497053375989223,0.8809930600650728,424.7670695781708,16.875515937805176
CICIDS,LOF,none,0.6481871503951808,0.8420663267620639,9.683973789215088,19.07528805732727
CICIDS,LOF,none,0.644648090431223,0.8446605735186798,10.72881841659546,20.173647165298465
UNSW_NB15,LUNAR_Fusion_v2,rank_mean,0.7961277043303213,0.8503329160396449,427.3888144493103,21.1978280544281
UNSW_NB15,LUNAR_Fusion_v2,stacking_lr,0.8346411551829159,0.8925140241398871,421.388165473938,21.25289726257324
UNSW_NB15,LUNAR_Fusion_v2,stacking_lr,0.8195680815718623,0.8828382158675141,422.9575765132904,21.50076556205749
CICIDS,Robustness_Analysis,bagging,0.4359893152648381,0.8693790541918396,658.2994120121002,21.689871788024902
CICIDS,Robustness_Analysis,bagging,0.5671845073419877,0.8663811707337248,657.6223704814911,21.928853511810303
CICIDS,Robustness_Analysis,bagging,0.4493231867465823,0.8637903761266668,508.5925204753876,22.66836380958557
CICIDS,Robustness_Analysis,bagging,0.5416502615445188,0.8392336828755168,651.8689842224121,23.19394040107727
CICIDS,Robustness_Analysis,bagging,0.5766608391608392,0.8681971708370415,522.690324306488,23.212056636810303
CICIDS,Robustness_Analysis,bagging,0.6809370364687228,0.8699002027624663,742.8165447711945,23.218021631240845
CICIDS,Robustness_Analysis,bagging,0.6689072258032154,0.8654186893847834,659.0746624469757,23.28435730934143
CICIDS,Robustness_Analysis,bagging,0.6665080875356802,0.8303371520388207,669.0337944030762,23.316467761993408
CICIDS,Robustness_Analysis,bagging,0.6038681948424068,0.8539018403780946,651.2290887832642,23.338449239730835
CICIDS,Robustness_Analysis,bagging,0.6695772174131226,0.8655573185836275,822.683486700058,23.372947931289676
CICIDS,Robustness_Analysis,bagging,0.6693594922100404,0.8654749259185479,659.707973241806,23.41763925552368
CICIDS,Robustness_Analysis,bagging,0.6744577698392447,0.8660304342118057,519.9763829708099,24.372584104537964
CICIDS,Robustness_Analysis,bagging,0.6750861079219288,0.8587340259942358,511.0764915943146,24.67603182792664
CICIDS,Robustness_Analysis,bagging,0.5287482504048083,0.8688266493848656,519.6856029033661,24.687429904937744
CICIDS,Robustness_Analysis,bagging,0.5613837891844636,0.8367751806506587,517.4734797477722,24.80400562286377
CICIDS,Ensemble_without_LUNAR,rank_mean,0.7214760147601476,0.8808393473760516,14.177165746688845,24.993982076644897
CICIDS,Ensemble_without_LUNAR,rank_mean,0.719757220594391,0.8803727273574375,13.63684058189392,25.130151510238647
CICIDS,Robustness_Analysis,bagging,0.6653481210725284,0.8668047455252956,520.1083080768585,25.13850998878479
CICIDS,Robustness_Analysis,bagging,0.6693335346063853,0.8687867953420726,511.87914204597473,25.191641330718998
CICIDS,Robustness_Analysis,bagging,0.6586323918445876,0.8306280823791714,510.3325991630554,25.20608067512512
CICIDS,Robustness_Analysis,rank_mean,0.4313645828043268,0.8939621768854425,177.06876063346863,25.527942180633545
CICIDS,Robustness_Analysis,rank_mean,0.6228739439502773,0.8913823666615258,180.44848680496216,27.45803475379944
CICIDS,Robustness_Analysis,rank_mean,0.3744314892913256,0.8951038937202276,327.8780739307404,27.589900732040405
CICIDS,Robustness_Analysis,bagging,0.569341194565496,0.866930183843137,969.1944980621338,28.44877815246582
CICIDS,Robustness_Analysis,bagging,0.4387046020715878,0.8699422181769828,973.8304042816162,28.4826979637146
UNSW_NB15,Robustness_Analysis,bagging,0.7282767853407522,0.8876236493473721,924.7029085159302,28.486021280288696
UNSW_NB15,Robustness_Analysis,bagging,0.7311193742787537,0.893854408796424,1200.357411146164,28.70401334762573
CICIDS,Robustness_Analysis,rank_mean,0.5749239432973008,0.8924816955782965,327.6380240917206,28.926257610321045
CICIDS,Robustness_Analysis,bagging,0.6706565745467348,0.8661541624193037,971.8090419769288,29.457415342330933
CICIDS,Robustness_Analysis,bagging,0.6824168503049249,0.8703169477556207,966.1965537071228,29.497400760650635
CICIDS,Robustness_Analysis,bagging,0.6708421370359191,0.866123383413152,966.3888766765594,29.614216089248657
CICIDS,Robustness_Analysis,bagging,0.5509520996821646,0.8268530510466465,952.094226360321,29.81354022026062
CICIDS,Robustness_Analysis,bagging,0.6051425413646263,0.8537372811043434,958.5567829608916,29.8856098651886
CICIDS,Robustness_Analysis,bagging,0.6703716742946235,0.866077340703677,973.4878001213074,29.90947699546814
CICIDS,Robustness_Analysis,rank_mean,0.7721837482926361,0.8920303166999365,181.33865785598755,29.94044232368469
CICIDS,LUNAR_plus_BestBaseline,rank_mean,0.7721837482926361,0.8920303166999365,181.73228335380557,29.959100246429443
CICIDS,Robustness_Analysis,bagging,0.6668781725888325,0.8305905987357789,971.7719502449036,30.046704053878784
CICIDS,Robustness_Analysis,rank_mean,0.7700033639290692,0.891821459735953,187.6051983833313,30.085368156433105
CICIDS,Robustness_Analysis,rank_mean,0.7718448928725495,0.891950137769929,176.18772959709167,30.0866219997406
CICIDS,Robustness_Analysis,stacking_lr,0.4594549723691388,0.868729061131388,181.54601311683652,30.13568663597107
CICIDS,Robustness_Analysis,max,0.5618154505811833,0.8330941355692175,188.8621382713318,30.17708849906921
CICIDS,Robustness_Analysis,rank_mean,0.7794257916825639,0.900498907855505,180.31943464279172,30.187705755233765
CICIDS,Robustness_Analysis,rank_mean,0.7342573871525663,0.8611961127670379,183.53693747520447,30.41512250900269
UNSW_NB15,Robustness_Analysis,bagging,0.7964803649991853,0.8931860046252088,1197.000295877457,30.487390756607056
UNSW_NB15,Robustness_Analysis,bagging,0.7978903921119009,0.8871484185496713,922.978812456131,30.52920651435852
CICIDS,Robustness_Analysis,rank_mean,0.5664563013960604,0.8333493230282354,346.0614764690399,31.76288390159607
CICIDS,Robustness_Analysis,rank_mean,0.7408040685694244,0.8922904309966448,343.55352115631104,31.86502575874329
CICIDS,Robustness_Analysis,rank_mean,0.7277564292048477,0.8908113354025103,327.099506855011,31.90587878227234
CICIDS,Robustness_Analysis,rank_mean,0.7408219178082192,0.8922990100714865,327.17561769485474,31.90778160095215
CICIDS,Robustness_Analysis,rank_mean,0.7409567238128645,0.8924215624450866,327.65589451789856,31.938360929489136
CICIDS,Robustness_Analysis,rank_mean,0.7202419730107027,0.8564763917040599,326.64547777175903,32.00079035758972
UNSW_NB15,Robustness_Analysis,bagging,0.7624092952855808,0.882882000535565,1257.0873501300812,32.010781049728394
CICIDS,Robustness_Analysis,weighted,0.6049058831245491,0.859428573027326,324.499924659729,32.029425621032715
CICIDS,LUNAR_plus_BestBaseline,rank_mean,0.7408219178082192,0.8922990100714865,333.14297819137573,32.57097411155701
CICIDS,Ensemble_with_LUNAR,rank_mean,0.7062484685126195,0.8871533838350559,181.47771835327148,32.81290531158447
UNSW_NB15,Robustness_Analysis,bagging,0.8349214085536737,0.8935813396754052,1226.5845885276794,34.26179575920105
UNSW_NB15,Robustness_Analysis,bagging,0.8075326563635937,0.8829362321958599,1259.427053451538,34.33359909057617
UNSW_NB15,Robustness_Analysis,bagging,0.8378332770840364,0.8875883263389003,924.0970811843872,34.416351318359375
UNSW_NB15,Robustness_Analysis,bagging,0.831037851037851,0.8882690324370622,928.2425312995912,34.496299266815186
UNSW_NB15,Robustness_Analysis,bagging,0.835230035988717,0.8935647750295789,1387.464383840561,34.57591795921326
UNSW_NB15,Robustness_Analysis,bagging,0.842539797833061,0.8937913438581425,1221.6035451889038,34.61492943763733
UNSW_NB15,Robustness_Analysis,bagging,0.8027095154614579,0.8976108571114556,1302.705248117447,34.634084939956665
UNSW_NB15,Robustness_Analysis,bagging,0.8272905347969103,0.8893528103207311,1203.6423983573914,34.77551627159119
UNSW_NB15,Robustness_Analysis,bagging,0.8386247539459224,0.8954756684549412,916.1316363811492,34.79079747200012
UNSW_NB15,Robustness_Analysis,bagging,0.8352118669827953,0.8935595679516023,1282.3175783157349,35.01400375366211
CICIDS,Ensemble_with_LUNAR,rank_mean,0.6936628100747513,0.8857375474234842,334.33467292785645,35.29047513008118
UNSW_NB15,Robustness_Analysis,bagging,0.8317229503491821,0.8830741837686151,1404.4408977031708,35.31773900985718
UNSW_NB15,Robustness_Analysis,bagging,0.8394206246090179,0.8880037916140882,1106.8469622135162,35.3401665687561
UNSW_NB15,Robustness_Analysis,bagging,0.8449524644243995,0.8903391806103702,1021.4719126224518,35.65121030807495
UNSW_NB15,Robustness_Analysis,bagging,0.8394345864661654,0.8880037991916938,952.4105513095856,35.88682198524475
CICIDS,Fusion_Level_Comparison,score_level,0.7721837482926361,0.8920303166999365,224.4291718006134,36.31543016433716
CICIDS,Fusion_Level_Comparison,decision_level_AND,0.6150726193671527,0.7344310753993942,224.4291718006134,36.31543016433716
CICIDS,Fusion_Level_Comparison,decision_level_OR,0.7013268345518548,0.8371876271663083,224.4291718006134,36.31543016433716
CICIDS,Fusion_Level_Comparison,feature_level,0.8166779626979943,0.9606601503921696,224.4291718006134,36.31543016433716
CICIDS,LUNAR_Self_Ensemble,boosting,0.669871149587276,0.8667083560945033,1074.9002685546875,38.36678671836853
UNSW_NB15,Robustness_Analysis,bagging,0.8419480204032063,0.8795492963455653,1183.814677476883,38.39537739753723
CICIDS,LUNAR_Self_Ensemble,bagging,0.6705362078496406,0.8659928982050641,1081.186201095581,38.67257046699524
CICIDS,LUNAR_Self_Ensemble,bagging,0.6631657171166708,0.8623942666488985,845.9022028446198,38.98060178756714
UNSW_NB15,Robustness_Analysis,bagging,0.8325338894681961,0.8854110567126593,1255.2357983589172,39.0223650932312
CICIDS,LUNAR_Self_Ensemble,voting,0.6839227879258971,0.7987139290771867,886.1278517246246,39.04446983337402
CICIDS,LUNAR_Self_Ensemble,stacking,0.6017478152309613,0.6145731566796813,849.4198546409607,39.07085204124451
CICIDS,LUNAR_Self_Ensemble,stacking,0.670654168027946,0.8660648765237838,1138.8356382846832,39.07562732696533
UNSW_NB15,Robustness_Analysis,bagging,0.8452254870569691,0.8842971543736889,1257.5749428272247,39.0972101688385
UNSW_NB15,Robustness_Analysis,bagging,0.8451609724856517,0.8843595837403012,1257.465879201889,39.166438579559326
CICIDS,LUNAR_Self_Ensemble,boosting,0.6648895089563766,0.866705370957902,847.5357177257538,39.19292569160461
UNSW_NB15,Robustness_Analysis,bagging,0.8452369224706926,0.8836233360032774,1256.3970153331757,39.21039915084839
UNSW_NB15,Robustness_Analysis,bagging,0.8411285327374085,0.8778104963421585,1258.7465093135834,39.411595821380615
UNSW_NB15,Robustness_Analysis,bagging,0.8405424731247955,0.8939718559999118,1253.1496894359589,39.7421236038208
CICIDS,Fusion_Level_Comparison,feature_level,0.8130171264743606,0.9599630171205094,416.2810816764832,40.09431195259094
CICIDS,Fusion_Level_Comparison,decision_level_OR,0.7045773659084527,0.8467657180741497,416.2810816764832,40.09431195259094
CICIDS,Fusion_Level_Comparison,decision_level_AND,0.5952204684770055,0.7235452307148563,416.2810816764832,40.09431195259094
CICIDS,Fusion_Level_Comparison,score_level,0.7408219178082192,0.8922990100714865,416.2810816764832,40.09431195259094
UNSW_NB15,Robustness_Analysis,bagging,0.8434518752275761,0.8870175848744364,1330.5029904842377,41.507819175720215
CICIDS,LUNAR_Self_Ensemble,voting,0.681156807705184,0.7915203284192457,1234.2876360416412,41.80100131034851
CICIDS,LUNAR_Self_Ensemble,stacking,0.6734719596723377,0.8667996522317564,1593.6636879444122,49.11132979393005
CICIDS,LUNAR_Self_Ensemble,voting,0.6814979224198002,0.7920475660384758,1621.8570415973663,49.3844895362854
UNSW_NB15,OneClassSVM,none,0.7837342945654302,0.818186417731007,69.93921780586243,51.56590366363525
UNSW_NB15,Robustness_Analysis,rank_mean,0.5217716594343857,0.9036285475520416,434.7050840854645,51.60999846458435
UNSW_NB15,Robustness_Analysis,rank_mean,0.5106372863628801,0.9077260114830428,340.4361619949341,52.299903869628906
UNSW_NB15,OneClassSVM,none,0.7843969656900271,0.8190027721255576,68.42099690437317,52.755656242370605
UNSW_NB15,Robustness_Analysis,rank_mean,0.6193823072244374,0.8987482159285392,450.8463878631592,53.00292944908142
CICIDS,LUNAR_Self_Ensemble,bagging,0.6714637950988779,0.8663843040202889,1620.29634308815,54.4703254699707
CICIDS,LUNAR_Self_Ensemble,boosting,0.6707827226450279,0.8674633363921931,1642.4915812015531,56.28338837623596
UNSW_NB15,LUNAR_Self_Ensemble,stacking,0.8333882321365395,0.8929896701272279,1995.1004331111908,56.927191734313965
UNSW_NB15,LUNAR_Self_Ensemble,boosting,0.8404515613265825,0.8869589477836898,1530.5978121757507,56.95344138145447
UNSW_NB15,LUNAR_Self_Ensemble,bagging,0.8397281403644076,0.8879414162379157,1525.4721176624298,56.95481848716736
UNSW_NB15,LUNAR_Self_Ensemble,stacking,0.8399584871961963,0.8887341196624761,1526.7176158428192,57.08245134353638
UNSW_NB15,LUNAR_Self_Ensemble,voting,0.8387266824014281,0.8435726581389708,1528.7292606830597,57.10009860992432
UNSW_NB15,LUNAR_Self_Ensemble,voting,0.835071802833301,0.8498960535006639,1992.3064711093905,57.1465072631836
UNSW_NB15,LUNAR_Self_Ensemble,boosting,0.833448900891695,0.8926536235261253,1990.0876059532168,57.16333651542664
UNSW_NB15,LUNAR_Self_Ensemble,bagging,0.8339476213066696,0.8928932703547419,2017.10936832428,57.331488609313965
UNSW_NB15,LOF,none,0.826766320214878,0.8839827446781566,29.20752215385437,57.42094039916992
UNSW_NB15,LOF,none,0.8265783228777519,0.8903010526248947,29.28394389152527,57.52673292160034
UNSW_NB15,LOF,none,0.8244590042910533,0.8913601745586317,29.41906809806824,57.632495164871216
UNSW_NB15,OneClassSVM,none,0.7861102795904927,0.8160643174937532,72.2471616268158,58.50371479988098
UNSW_NB15,Robustness_Analysis,rank_mean,0.7046992982144443,0.902909583701908,432.72356367111206,60.19211602210999
UNSW_NB15,Robustness_Analysis,rank_mean,0.7038387521523346,0.9073011704996016,340.3643810749054,60.57777738571167
UNSW_NB15,Robustness_Analysis,rank_mean,0.7617458505313076,0.8974891468733547,451.9750642776489,61.323461294174194
UNSW_NB15,LUNAR_Self_Ensemble,bagging,0.8453278163637259,0.8837447987062621,2092.762129545212,64.88181614875793
UNSW_NB15,LUNAR_Self_Ensemble,boosting,0.8450634600887329,0.8839843066121096,2083.064031600952,65.17033290863037
UNSW_NB15,LUNAR_Self_Ensemble,stacking,0.8448801850120553,0.8956107247508929,2084.943781614304,65.84737229347229
UNSW_NB15,LUNAR_Self_Ensemble,voting,0.8404889431621709,0.8544124314645988,2085.0920741558075,65.87062239646912
UNSW_NB15,LUNAR_plus_BestBaseline,rank_mean,0.8146415572776059,0.9083670005086896,339.0430445671081,77.39999341964722
UNSW_NB15,Robustness_Analysis,weighted,0.8446815718157181,0.8919724659289634,441.02485728263855,77.5744137763977
UNSW_NB15,Robustness_Analysis,rank_mean,0.8162635557380871,0.9039991783450704,431.8930859565735,77.7051408290863
UNSW_NB15,Robustness_Analysis,rank_mean,0.8162930077691454,0.9040452397678682,435.3167815208435,77.78684282302856
UNSW_NB15,Robustness_Analysis,rank_mean,0.8146415572776059,0.9083670005086896,338.7254133224488,78.06842494010925
UNSW_NB15,Robustness_Analysis,stacking_lr,0.8425419757907068,0.8941252892523607,447.62059330940247,78.32699632644653
UNSW_NB15,Fusion_Level_Comparison,decision_level_AND,0.823001998001998,0.8312368624525965,348.0384519100189,78.34594249725342
UNSW_NB15,Fusion_Level_Comparison,decision_level_OR,0.8396539807816645,0.8162818111924186,348.0384519100189,78.34594249725342
UNSW_NB15,Fusion_Level_Comparison,score_level,0.8146415572776059,0.9083670005086896,348.0384519100189,78.34594249725342
UNSW_NB15,Fusion_Level_Comparison,feature_level,0.8723855522889542,0.9549227547221212,348.0384519100189,78.34594249725342
UNSW_NB15,Robustness_Analysis,rank_mean,0.8137305536310386,0.8957708285063987,339.7389328479767,78.41774892807007
UNSW_NB15,Robustness_Analysis,rank_mean,0.816198972695323,0.9083534943739208,339.87524247169495,78.55162978172302
UNSW_NB15,Robustness_Analysis,rank_mean,0.808861706340476,0.8971320357916379,477.4959297180176,78.57934141159058
UNSW_NB15,Robustness_Analysis,rank_mean,0.8104723961297666,0.8979370866087786,449.8209373950958,78.89502906799316
UNSW_NB15,Robustness_Analysis,rank_mean,0.8225004072528602,0.8996346615961572,453.3067216873169,78.96634006500244
UNSW_NB15,Robustness_Analysis,rank_mean,0.8234171094113066,0.8898492299980715,450.0534627437592,78.98707294464111
UNSW_NB15,Robustness_Analysis,rank_mean,0.822453981592637,0.8995009436947936,448.9987363815308,79.13213634490967
UNSW_NB15,Robustness_Analysis,rank_mean,0.8224771388183489,0.8997166298187913,449.63096952438354,79.19398093223572
UNSW_NB15,Robustness_Analysis,max,0.8394077037072736,0.8948488659698988,447.9905958175659,79.24781060218811
UNSW_NB15,Robustness_Analysis,weighted,0.8361556122125398,0.8902301142386684,449.2380261421204,79.265065908432
UNSW_NB15,LUNAR_plus_BestBaseline,rank_mean,0.8225004072528602,0.8996346615961572,450.9024937152863,79.39680027961731
UNSW_NB15,Robustness_Analysis,stacking_lr,0.8448102937938795,0.8888041310549514,362.7393889427185,81.03160405158997
UNSW_NB15,Robustness_Analysis,stacking_lr,0.8446503727941452,0.8924722440642494,501.1019175052643,86.63530206680298
UNSW_NB15,Fusion_Level_Comparison,score_level,0.8162694404049599,0.904011776745836,485.48382449150085,87.35230040550232
UNSW_NB15,Fusion_Level_Comparison,decision_level_OR,0.8390595107372901,0.8201406159093992,485.48382449150085,87.35230040550232
UNSW_NB15,Fusion_Level_Comparison,decision_level_AND,0.8241530999736812,0.8334122263110307,485.48382449150085,87.35230040550232
UNSW_NB15,Fusion_Level_Comparison,feature_level,0.8586814517413887,0.949003345826077,485.48382449150085,87.35230040550232
UNSW_NB15,Robustness_Analysis,rank_mean,0.8162694404049599,0.904011776745836,479.1827604770661,87.83100581169128
UNSW_NB15,Fusion_Level_Comparison,decision_level_OR,0.8427298369424747,0.8221135718189696,499.8257720470429,89.71573233604431
UNSW_NB15,Fusion_Level_Comparison,decision_level_AND,0.823996058764827,0.8354525420825863,499.8257720470429,89.71573233604431
UNSW_NB15,Fusion_Level_Comparison,score_level,0.8225004072528602,0.8996346615961572,499.8257720470429,89.71573233604431
UNSW_NB15,Fusion_Level_Comparison,feature_level,0.8582889994851554,0.9467987898735626,499.8257720470429,89.71573233604431
UNSW_NB15,Robustness_Analysis,rank_mean,0.8187128314744662,0.908358328254822,368.14364862442017,90.18072438240053
UNSW_NB15,LUNAR_plus_BestBaseline,rank_mean,0.8162694404049599,0.904011776745836,542.3632018566132,91.21473622322084
UNSW_NB15,Robustness_Analysis,weighted,0.8255595381256494,0.8952319938132185,424.3241865634918,93.1584632396698
UNSW_NB15,Robustness_Analysis,weighted,0.8424042005351643,0.8867776068413089,430.7305011749268,94.42182111740112
UNSW_NB15,Ensemble_without_LUNAR,rank_mean,0.802545043705774,0.8758714328522705,101.3902142047882,132.24468994140625
UNSW_NB15,Ensemble_without_LUNAR,rank_mean,0.8054245833527847,0.8732391466384489,106.12316226959229,139.24358296394348
UNSW_NB15,Ensemble_without_LUNAR,rank_mean,0.8105962109955424,0.8751294779153009,121.9366135597229,151.7278642654419
UNSW_NB15,Ensemble_with_LUNAR,stacking_lr,0.8143254360364914,0.8904901006236309,527.2029395103455,156.34743070602417
UNSW_NB15,Ensemble_with_LUNAR,rank_mean,0.8210973169572283,0.892302402769823,627.9907767772675,164.6055760383606
UNSW_NB15,Ensemble_with_LUNAR,rank_mean,0.8197079722027016,0.8921579947613689,408.5821177959442,169.84865045547485
