number,value,datetime_start,datetime_complete,duration,params_contamination,params_leaf_size,params_metric,params_n_neighbors,params_p,state
0,0.8074729666538253,2026-08-08 16:19:58.936173,2026-08-08 16:20:00.411124,0 days 00:00:01.474951,0.2757254682642995,30,minkowski,48,2.0,COMPLETE
1,0.752030681000458,2026-08-08 16:20:00.489499,2026-08-08 16:20:01.148173,0 days 00:00:00.658674,0.03860487984774338,50,minkowski,10,1.0,COMPLETE
2,0.8058829479733773,2026-08-08 16:20:01.226538,2026-08-08 16:20:01.886210,0 days 00:00:00.659672,0.40648517584940247,60,minkowski,38,1.0,COMPLETE
3,0.7442716927005726,2026-08-08 16:20:01.964687,2026-08-08 16:20:02.622590,0 days 00:00:00.657903,0.3695652622191061,40,manhattan,20,,COMPLETE
4,0.8211044239468323,2026-08-08 16:20:02.700845,2026-08-08 16:20:02.794981,0 days 00:00:00.094136,0.24453541449540095,40,euclidean,7,,COMPLETE
5,0.7529201828794058,2026-08-08 16:20:02.873388,2026-08-08 16:20:03.516384,0 days 00:00:00.642996,0.21965777027202094,50,manhattan,21,,COMPLETE
6,0.738173592485178,2026-08-08 16:20:03.594632,2026-08-08 16:20:04.253709,0 days 00:00:00.659077,0.06573318968051038,60,manhattan,12,,COMPLETE
7,0.7718789599036661,2026-08-08 16:20:04.332084,2026-08-08 16:20:04.990511,0 days 00:00:00.658427,0.4037301823363769,60,minkowski,9,1.0,COMPLETE
8,0.8124289791656066,2026-08-08 16:20:05.068861,2026-08-08 16:20:05.727426,0 days 00:00:00.658565,0.33026349906138686,30,manhattan,5,,COMPLETE
9,0.752167574037327,2026-08-08 16:20:05.805682,2026-08-08 16:20:05.899728,0 days 00:00:00.094046,0.24317566187629008,40,euclidean,16,,COMPLETE
10,0.7710539673540393,2026-08-08 16:20:05.978110,2026-08-08 16:20:06.135174,0 days 00:00:00.157064,0.4896162581121494,10,euclidean,90,,COMPLETE
11,0.8305615521974362,2026-08-08 16:20:06.213886,2026-08-08 16:20:06.307891,0 days 00:00:00.094005,0.17842167096072603,20,euclidean,5,,COMPLETE
12,0.8305615521974362,2026-08-08 16:20:06.386158,2026-08-08 16:20:06.480463,0 days 00:00:00.094305,0.11663456491733873,10,euclidean,5,,COMPLETE
13,0.8305615521974362,2026-08-08 16:20:06.543137,2026-08-08 16:20:06.637066,0 days 00:00:00.093929,0.146971342102369,10,euclidean,5,,COMPLETE
14,0.8305615521974362,2026-08-08 16:20:06.715515,2026-08-08 16:20:06.809641,0 days 00:00:00.094126,0.1195185861750207,20,euclidean,5,,COMPLETE
15,0.8211044239468323,2026-08-08 16:20:06.888672,2026-08-08 16:20:06.982827,0 days 00:00:00.094155,0.15887375099808954,20,euclidean,7,,COMPLETE
16,0.8227189743440643,2026-08-08 16:20:07.061238,2026-08-08 16:20:07.155795,0 days 00:00:00.094557,0.08585817870466608,20,euclidean,8,,COMPLETE
17,0.7626395884971084,2026-08-08 16:20:07.234486,2026-08-08 16:20:07.328508,0 days 00:00:00.094022,0.17807334281637954,10,euclidean,13,,COMPLETE
18,0.8152298349288035,2026-08-08 16:20:07.407048,2026-08-08 16:20:07.501076,0 days 00:00:00.094028,0.0913748048259786,20,euclidean,6,,COMPLETE
19,0.8305615521974362,2026-08-08 16:20:07.579517,2026-08-08 16:20:07.673487,0 days 00:00:00.093970,0.20491991161214063,30,euclidean,5,,COMPLETE
20,0.800187349629662,2026-08-08 16:20:07.751815,2026-08-08 16:20:07.846937,0 days 00:00:00.095122,0.030247262758632223,10,euclidean,9,,COMPLETE
21,0.8305615521974362,2026-08-08 16:20:07.925823,2026-08-08 16:20:08.019770,0 days 00:00:00.093947,0.140698643916274,10,euclidean,5,,COMPLETE
22,0.8211044239468323,2026-08-08 16:20:08.101517,2026-08-08 16:20:08.192617,0 days 00:00:00.091100,0.12206595260932704,10,euclidean,7,,COMPLETE
23,0.8152298349288035,2026-08-08 16:20:08.271059,2026-08-08 16:20:08.365136,0 days 00:00:00.094077,0.18329598117312595,20,euclidean,6,,COMPLETE
24,0.8305615521974362,2026-08-08 16:20:08.443462,2026-08-08 16:20:08.537431,0 days 00:00:00.093969,0.28328675442378976,10,euclidean,5,,COMPLETE
25,0.778894425182504,2026-08-08 16:20:08.615852,2026-08-08 16:20:08.709787,0 days 00:00:00.093935,0.12214183150050137,20,euclidean,10,,COMPLETE
26,0.8211044239468323,2026-08-08 16:20:08.788045,2026-08-08 16:20:08.882739,0 days 00:00:00.094694,0.06140405360860748,10,euclidean,7,,COMPLETE
27,0.8152298349288035,2026-08-08 16:20:08.961516,2026-08-08 16:20:09.055555,0 days 00:00:00.094039,0.017397617446996055,20,euclidean,6,,COMPLETE
28,0.7668551065948523,2026-08-08 16:20:09.133905,2026-08-08 16:20:09.228065,0 days 00:00:00.094160,0.16318047320862683,30,minkowski,12,2.0,COMPLETE
29,0.8090420879459018,2026-08-08 16:20:09.306437,2026-08-08 16:20:09.996473,0 days 00:00:00.690036,0.2749335816236882,10,manhattan,74,,COMPLETE
30,0.8152298349288035,2026-08-08 16:20:10.090527,2026-08-08 16:20:10.184824,0 days 00:00:00.094297,0.20213767880077058,20,minkowski,6,2.0,COMPLETE
31,0.8305615521974362,2026-08-08 16:20:10.263606,2026-08-08 16:20:10.357519,0 days 00:00:00.093913,0.1103717550383576,20,euclidean,5,,COMPLETE
32,0.8305615521974362,2026-08-08 16:20:10.435813,2026-08-08 16:20:10.529746,0 days 00:00:00.093933,0.14483717545870453,30,euclidean,5,,COMPLETE
33,0.8227189743440643,2026-08-08 16:20:10.592355,2026-08-08 16:20:10.702224,0 days 00:00:00.109869,0.06793637909443132,10,euclidean,8,,COMPLETE
34,0.811998614109432,2026-08-08 16:20:10.780765,2026-08-08 16:20:10.906787,0 days 00:00:00.126022,0.10297702950520286,20,euclidean,43,,COMPLETE
35,0.7751822615698845,2026-08-08 16:20:10.985083,2026-08-08 16:20:11.627767,0 days 00:00:00.642684,0.13507942238754628,20,minkowski,6,1.0,COMPLETE
36,0.778894425182504,2026-08-08 16:20:11.721976,2026-08-08 16:20:11.816146,0 days 00:00:00.094170,0.18476372756412146,10,euclidean,10,,COMPLETE
37,0.7995816282275865,2026-08-08 16:20:11.894739,2026-08-08 16:20:12.569237,0 days 00:00:00.674498,0.2319339489852528,30,manhattan,32,,COMPLETE
38,0.8227189743440643,2026-08-08 16:20:12.647490,2026-08-08 16:20:12.741492,0 days 00:00:00.094002,0.04716337117295455,30,euclidean,8,,COMPLETE
39,0.8305615521974362,2026-08-08 16:20:12.819820,2026-08-08 16:20:12.913863,0 days 00:00:00.094043,0.2685633977384988,50,minkowski,5,2.0,COMPLETE
40,0.7751822615698845,2026-08-08 16:20:12.992157,2026-08-08 16:20:13.635509,0 days 00:00:00.643352,0.30368977160378513,10,manhattan,6,,COMPLETE
41,0.8305615521974362,2026-08-08 16:20:13.713770,2026-08-08 16:20:13.823406,0 days 00:00:00.109636,0.21115880342518092,40,euclidean,5,,COMPLETE
42,0.8211044239468323,2026-08-08 16:20:13.886037,2026-08-08 16:20:13.996122,0 days 00:00:00.110085,0.1564120594006687,30,euclidean,7,,COMPLETE
43,0.8305615521974362,2026-08-08 16:20:14.058742,2026-08-08 16:20:14.168325,0 days 00:00:00.109583,0.197920308949892,40,euclidean,5,,COMPLETE
44,0.8152298349288035,2026-08-08 16:20:14.230933,2026-08-08 16:20:14.340890,0 days 00:00:00.109957,0.22343826511910164,30,euclidean,6,,COMPLETE
45,0.8305615521974362,2026-08-08 16:20:14.403487,2026-08-08 16:20:14.497403,0 days 00:00:00.093916,0.07884448113150684,20,euclidean,5,,COMPLETE
46,0.8227189743440643,2026-08-08 16:20:14.575653,2026-08-08 16:20:14.669559,0 days 00:00:00.093906,0.4787269269752773,20,euclidean,8,,COMPLETE
47,0.8211044239468323,2026-08-08 16:20:14.747847,2026-08-08 16:20:14.841766,0 days 00:00:00.093919,0.25244795376102985,30,euclidean,7,,COMPLETE
48,0.7718789599036661,2026-08-08 16:20:14.920554,2026-08-08 16:20:15.578635,0 days 00:00:00.658081,0.1663632272332905,40,manhattan,9,,COMPLETE
49,0.799826339674025,2026-08-08 16:20:15.657085,2026-08-08 16:20:15.766753,0 days 00:00:00.109668,0.09880711390682564,10,euclidean,25,,COMPLETE
50,0.8152298349288035,2026-08-08 16:20:15.845762,2026-08-08 16:20:15.939840,0 days 00:00:00.094078,0.12578415173669572,20,euclidean,6,,COMPLETE
51,0.8305615521974362,2026-08-08 16:20:16.018244,2026-08-08 16:20:16.112138,0 days 00:00:00.093894,0.14635287365169664,10,euclidean,5,,COMPLETE
52,0.8305615521974362,2026-08-08 16:20:16.174750,2026-08-08 16:20:16.268742,0 days 00:00:00.093992,0.1801315426478599,10,euclidean,5,,COMPLETE
53,0.8152298349288035,2026-08-08 16:20:16.347035,2026-08-08 16:20:16.441229,0 days 00:00:00.094194,0.13602857442107824,10,euclidean,6,,COMPLETE
54,0.8211044239468323,2026-08-08 16:20:16.519671,2026-08-08 16:20:16.613680,0 days 00:00:00.094009,0.11065291893453019,10,euclidean,7,,COMPLETE
55,0.8305615521974362,2026-08-08 16:20:16.691949,2026-08-08 16:20:16.785847,0 days 00:00:00.093898,0.16909032206084157,50,euclidean,5,,COMPLETE
56,0.8305615521974362,2026-08-08 16:20:16.864425,2026-08-08 16:20:16.958728,0 days 00:00:00.094303,0.19804933817359596,20,euclidean,5,,COMPLETE
57,0.7751822615698845,2026-08-08 16:20:17.037042,2026-08-08 16:20:17.695107,0 days 00:00:00.658065,0.08562259810532877,10,minkowski,6,1.0,COMPLETE
58,0.8211044239468323,2026-08-08 16:20:17.757757,2026-08-08 16:20:17.851733,0 days 00:00:00.093976,0.15000440162465276,10,euclidean,7,,COMPLETE
59,0.8227189743440643,2026-08-08 16:20:17.930768,2026-08-08 16:20:18.040372,0 days 00:00:00.109604,0.2437522987481859,20,euclidean,8,,COMPLETE
60,0.7688773074956813,2026-08-08 16:20:18.102975,2026-08-08 16:20:18.212684,0 days 00:00:00.109709,0.054074430008847776,10,euclidean,11,,COMPLETE
61,0.8305615521974362,2026-08-08 16:20:18.291621,2026-08-08 16:20:18.385963,0 days 00:00:00.094342,0.2925745252471895,10,euclidean,5,,COMPLETE
62,0.8305615521974362,2026-08-08 16:20:18.464819,2026-08-08 16:20:18.558720,0 days 00:00:00.093901,0.35807459940680547,10,euclidean,5,,COMPLETE
63,0.8152298349288035,2026-08-08 16:20:18.636971,2026-08-08 16:20:18.730877,0 days 00:00:00.093906,0.3264638404557063,20,euclidean,6,,COMPLETE
64,0.8305615521974362,2026-08-08 16:20:18.809144,2026-08-08 16:20:18.903083,0 days 00:00:00.093939,0.117907790289825,10,euclidean,5,,COMPLETE
65,0.8152298349288035,2026-08-08 16:20:18.981512,2026-08-08 16:20:19.075442,0 days 00:00:00.093930,0.13549883568239957,20,euclidean,6,,COMPLETE
66,0.7918168855743813,2026-08-08 16:20:19.153709,2026-08-08 16:20:19.797604,0 days 00:00:00.643895,0.43329829056533453,60,manhattan,7,,COMPLETE
67,0.8305615521974362,2026-08-08 16:20:19.875858,2026-08-08 16:20:19.970343,0 days 00:00:00.094485,0.19082368033689892,10,euclidean,5,,COMPLETE
68,0.8152298349288035,2026-08-08 16:20:20.048688,2026-08-08 16:20:20.142594,0 days 00:00:00.093906,0.25527691980733946,30,minkowski,6,2.0,COMPLETE
69,0.8305615521974362,2026-08-08 16:20:20.221114,2026-08-08 16:20:20.315437,0 days 00:00:00.094323,0.2120927678483086,10,euclidean,5,,COMPLETE
70,0.8016737899503551,2026-08-08 16:20:20.393695,2026-08-08 16:20:20.518996,0 days 00:00:00.125301,0.07783796273391844,20,euclidean,54,,COMPLETE
71,0.8305615521974362,2026-08-08 16:20:20.597246,2026-08-08 16:20:20.691293,0 days 00:00:00.094047,0.1039530741883256,20,euclidean,5,,COMPLETE
72,0.8152298349288035,2026-08-08 16:20:20.769659,2026-08-08 16:20:20.863611,0 days 00:00:00.093952,0.12209503147280644,20,euclidean,6,,COMPLETE
73,0.8305615521974362,2026-08-08 16:20:20.941988,2026-08-08 16:20:21.036008,0 days 00:00:00.094020,0.035365775919713724,30,euclidean,5,,COMPLETE
74,0.8152298349288035,2026-08-08 16:20:21.114265,2026-08-08 16:20:21.208203,0 days 00:00:00.093938,0.17235290482722765,10,euclidean,6,,COMPLETE
75,0.8211044239468323,2026-08-08 16:20:21.286530,2026-08-08 16:20:21.380789,0 days 00:00:00.094259,0.1547238205304186,20,euclidean,7,,COMPLETE
76,0.8305615521974362,2026-08-08 16:20:21.459523,2026-08-08 16:20:21.553458,0 days 00:00:00.093935,0.13311422471454454,10,euclidean,5,,COMPLETE
77,0.7718789599036661,2026-08-08 16:20:21.631748,2026-08-08 16:20:22.274437,0 days 00:00:00.642689,0.09039998725508819,30,manhattan,9,,COMPLETE
78,0.8211044239468323,2026-08-08 16:20:22.353006,2026-08-08 16:20:22.446915,0 days 00:00:00.093909,0.10962105648904463,20,euclidean,7,,COMPLETE
79,0.8124289791656066,2026-08-08 16:20:22.525169,2026-08-08 16:20:23.183244,0 days 00:00:00.658075,0.2954016172967594,10,minkowski,5,1.0,COMPLETE
80,0.8152298349288035,2026-08-08 16:20:23.261773,2026-08-08 16:20:23.356428,0 days 00:00:00.094655,0.07415004841577277,10,euclidean,6,,COMPLETE
81,0.8305615521974362,2026-08-08 16:20:23.434804,2026-08-08 16:20:23.528762,0 days 00:00:00.093958,0.14520551250160824,30,euclidean,5,,COMPLETE
82,0.8305615521974362,2026-08-08 16:20:23.607017,2026-08-08 16:20:23.701211,0 days 00:00:00.094194,0.16148816289185253,30,euclidean,5,,COMPLETE
83,0.8152298349288035,2026-08-08 16:20:23.779543,2026-08-08 16:20:23.873714,0 days 00:00:00.094171,0.23221347201912054,40,euclidean,6,,COMPLETE
84,0.8305615521974362,2026-08-08 16:20:23.952646,2026-08-08 16:20:24.046922,0 days 00:00:00.094276,0.18419694078080548,40,euclidean,5,,COMPLETE
85,0.8152298349288035,2026-08-08 16:20:24.125318,2026-08-08 16:20:24.219726,0 days 00:00:00.094408,0.1429516489711214,30,euclidean,6,,COMPLETE
86,0.8227189743440643,2026-08-08 16:20:24.298004,2026-08-08 16:20:24.392049,0 days 00:00:00.094045,0.11471672417470967,20,euclidean,8,,COMPLETE
87,0.8305615521974362,2026-08-08 16:20:24.470496,2026-08-08 16:20:24.564440,0 days 00:00:00.093944,0.09945678054843513,30,euclidean,5,,COMPLETE
88,0.8211044239468323,2026-08-08 16:20:24.642694,2026-08-08 16:20:24.736905,0 days 00:00:00.094211,0.21273570223382005,10,euclidean,7,,COMPLETE
89,0.8124289791656066,2026-08-08 16:20:24.815161,2026-08-08 16:20:25.458141,0 days 00:00:00.642980,0.13123533067751342,20,manhattan,5,,COMPLETE
90,0.8152298349288035,2026-08-08 16:20:25.536385,2026-08-08 16:20:25.630286,0 days 00:00:00.093901,0.1769176511972299,50,euclidean,6,,COMPLETE
91,0.8305615521974362,2026-08-08 16:20:25.708686,2026-08-08 16:20:25.802638,0 days 00:00:00.093952,0.30198882048851416,50,minkowski,5,2.0,COMPLETE
92,0.8305615521974362,2026-08-08 16:20:25.880883,2026-08-08 16:20:25.975197,0 days 00:00:00.094314,0.2748197842421299,50,minkowski,5,2.0,COMPLETE
93,0.8152298349288035,2026-08-08 16:20:26.053577,2026-08-08 16:20:26.147500,0 days 00:00:00.093923,0.25808111271017264,60,minkowski,6,2.0,COMPLETE
94,0.8124289791656066,2026-08-08 16:20:26.225763,2026-08-08 16:20:26.883818,0 days 00:00:00.658055,0.15450515837672454,40,minkowski,5,1.0,COMPLETE
95,0.8305615521974362,2026-08-08 16:20:26.962543,2026-08-08 16:20:27.072337,0 days 00:00:00.109794,0.28213010692982904,10,minkowski,5,2.0,COMPLETE
96,0.8152298349288035,2026-08-08 16:20:27.134944,2026-08-08 16:20:27.244512,0 days 00:00:00.109568,0.22386099457974878,10,euclidean,6,,COMPLETE
97,0.8211044239468323,2026-08-08 16:20:27.307124,2026-08-08 16:20:27.416812,0 days 00:00:00.109688,0.32311858591611997,20,euclidean,7,,COMPLETE
98,0.768346695547463,2026-08-08 16:20:27.479420,2026-08-08 16:20:27.651904,0 days 00:00:00.172484,0.2697040139531431,10,euclidean,98,,COMPLETE
99,0.8305615521974362,2026-08-08 16:20:27.730518,2026-08-08 16:20:27.824813,0 days 00:00:00.094295,0.36631680591875887,60,euclidean,5,,COMPLETE
100,0.8124289791656066,2026-08-08 16:20:27.903127,2026-08-08 16:20:28.546424,0 days 00:00:00.643297,0.19316434456588613,20,minkowski,5,1.0,COMPLETE
101,0.7578486350673925,2026-08-08 16:20:28.624666,2026-08-08 16:20:28.734509,0 days 00:00:00.109843,0.201449404349698,40,euclidean,17,,COMPLETE
102,0.8152298349288035,2026-08-08 16:20:28.812853,2026-08-08 16:20:28.907038,0 days 00:00:00.094185,0.3155014258964286,40,euclidean,6,,COMPLETE
103,0.8305615521974362,2026-08-08 16:20:28.985871,2026-08-08 16:20:29.079912,0 days 00:00:00.094041,0.23687337170704414,50,euclidean,5,,COMPLETE
104,0.8305615521974362,2026-08-08 16:20:29.158305,2026-08-08 16:20:29.252238,0 days 00:00:00.093933,0.1678935273139392,40,euclidean,5,,COMPLETE
105,0.8152298349288035,2026-08-08 16:20:29.330843,2026-08-08 16:20:29.424783,0 days 00:00:00.093940,0.12412518919185479,30,euclidean,6,,COMPLETE
106,0.8305615521974362,2026-08-08 16:20:29.503032,2026-08-08 16:20:29.597021,0 days 00:00:00.093989,0.1378576530180608,50,euclidean,5,,COMPLETE
107,0.8305615521974362,2026-08-08 16:20:29.675437,2026-08-08 16:20:29.769401,0 days 00:00:00.093964,0.21671639468509057,10,euclidean,5,,COMPLETE
108,0.8211044239468323,2026-08-08 16:20:29.847763,2026-08-08 16:20:29.942143,0 days 00:00:00.094380,0.20648877336045296,20,euclidean,7,,COMPLETE
109,0.7751822615698845,2026-08-08 16:20:30.020561,2026-08-08 16:20:30.663210,0 days 00:00:00.642649,0.1498642055027097,10,manhattan,6,,COMPLETE
110,0.8305615521974362,2026-08-08 16:20:30.741635,2026-08-08 16:20:30.835647,0 days 00:00:00.094012,0.09378759869998277,30,euclidean,5,,COMPLETE
111,0.8305615521974362,2026-08-08 16:20:30.914053,2026-08-08 16:20:31.008456,0 days 00:00:00.094403,0.34448790806896806,40,euclidean,5,,COMPLETE
112,0.8305615521974362,2026-08-08 16:20:31.086768,2026-08-08 16:20:31.180693,0 days 00:00:00.093925,0.18994645721107517,40,euclidean,5,,COMPLETE
113,0.8152298349288035,2026-08-08 16:20:31.259006,2026-08-08 16:20:31.369043,0 days 00:00:00.110037,0.26527530347719486,50,euclidean,6,,COMPLETE
114,0.8305615521974362,2026-08-08 16:20:31.431642,2026-08-08 16:20:31.541187,0 days 00:00:00.109545,0.16193812187482576,30,euclidean,5,,COMPLETE
115,0.8152298349288035,2026-08-08 16:20:31.603793,2026-08-08 16:20:31.697764,0 days 00:00:00.093971,0.17608727215400535,10,euclidean,6,,COMPLETE
116,0.8305615521974362,2026-08-08 16:20:31.776016,2026-08-08 16:20:31.870045,0 days 00:00:00.094029,0.11114940066851461,40,euclidean,5,,COMPLETE
117,0.8152298349288035,2026-08-08 16:20:31.948668,2026-08-08 16:20:32.042753,0 days 00:00:00.094085,0.20346572419253228,20,euclidean,6,,COMPLETE
118,0.8305615521974362,2026-08-08 16:20:32.121005,2026-08-08 16:20:32.230580,0 days 00:00:00.109575,0.39415344571874555,10,euclidean,5,,COMPLETE
119,0.8152298349288035,2026-08-08 16:20:32.293265,2026-08-08 16:20:32.403187,0 days 00:00:00.109922,0.2271655686606539,20,euclidean,6,,COMPLETE
120,0.8305615521974362,2026-08-08 16:20:32.465804,2026-08-08 16:20:32.575528,0 days 00:00:00.109724,0.2396604456830045,40,minkowski,5,2.0,COMPLETE
121,0.8305615521974362,2026-08-08 16:20:32.638310,2026-08-08 16:20:32.747860,0 days 00:00:00.109550,0.08433759306216423,20,euclidean,5,,COMPLETE
122,0.8305615521974362,2026-08-08 16:20:32.810601,2026-08-08 16:20:32.904564,0 days 00:00:00.093963,0.06712989727382451,20,euclidean,5,,COMPLETE
123,0.8152298349288035,2026-08-08 16:20:32.982865,2026-08-08 16:20:33.076818,0 days 00:00:00.093953,0.12724134558384492,20,euclidean,6,,COMPLETE
124,0.8305615521974362,2026-08-08 16:20:33.155102,2026-08-08 16:20:33.249059,0 days 00:00:00.093957,0.05209527117960315,10,euclidean,5,,COMPLETE
125,0.8305615521974362,2026-08-08 16:20:33.327619,2026-08-08 16:20:33.422022,0 days 00:00:00.094403,0.10334072133456225,20,euclidean,5,,COMPLETE
126,0.8152298349288035,2026-08-08 16:20:33.500444,2026-08-08 16:20:33.594345,0 days 00:00:00.093901,0.28488353568913005,30,euclidean,6,,COMPLETE
127,0.8305615521974362,2026-08-08 16:20:33.672601,2026-08-08 16:20:33.766528,0 days 00:00:00.093927,0.11836960156682366,20,euclidean,5,,COMPLETE
128,0.8124289791656066,2026-08-08 16:20:33.844851,2026-08-08 16:20:34.487287,0 days 00:00:00.642436,0.13927709377755118,10,manhattan,5,,COMPLETE
129,0.8152298349288035,2026-08-08 16:20:34.565540,2026-08-08 16:20:34.659438,0 days 00:00:00.093898,0.18555633772536476,10,euclidean,6,,COMPLETE
130,0.8124289791656066,2026-08-08 16:20:34.737685,2026-08-08 16:20:35.381377,0 days 00:00:00.643692,0.07628187703360467,30,minkowski,5,1.0,COMPLETE
131,0.8305615521974362,2026-08-08 16:20:35.459627,2026-08-08 16:20:35.553559,0 days 00:00:00.093932,0.14607079832486683,10,euclidean,5,,COMPLETE
132,0.8305615521974362,2026-08-08 16:20:35.631816,2026-08-08 16:20:35.725913,0 days 00:00:00.094097,0.15302878368835207,10,euclidean,5,,COMPLETE
133,0.8305615521974362,2026-08-08 16:20:35.804206,2026-08-08 16:20:35.898481,0 days 00:00:00.094275,0.24822041598230135,10,euclidean,5,,COMPLETE
134,0.8152298349288035,2026-08-08 16:20:35.976744,2026-08-08 16:20:36.070777,0 days 00:00:00.094033,0.16945515814796772,50,euclidean,6,,COMPLETE
135,0.8305615521974362,2026-08-08 16:20:36.149057,2026-08-08 16:20:36.242962,0 days 00:00:00.093905,0.1297334770144421,10,euclidean,5,,COMPLETE
136,0.8152298349288035,2026-08-08 16:20:36.305599,2026-08-08 16:20:36.415518,0 days 00:00:00.109919,0.10910912692383476,20,euclidean,6,,COMPLETE
137,0.8211044239468323,2026-08-08 16:20:36.493772,2026-08-08 16:20:36.587682,0 days 00:00:00.093910,0.15915722128156443,10,euclidean,7,,COMPLETE
138,0.799826339674025,2026-08-08 16:20:36.650337,2026-08-08 16:20:36.775564,0 days 00:00:00.125227,0.09554349387502604,10,euclidean,25,,COMPLETE
139,0.7913792518613818,2026-08-08 16:20:36.838164,2026-08-08 16:20:36.979657,0 days 00:00:00.141493,0.1182286751240761,20,euclidean,62,,COMPLETE
140,0.8305615521974362,2026-08-08 16:20:37.058066,2026-08-08 16:20:37.168080,0 days 00:00:00.110014,0.14543264731211128,60,euclidean,5,,COMPLETE
141,0.8305615521974362,2026-08-08 16:20:37.230711,2026-08-08 16:20:37.340268,0 days 00:00:00.109557,0.1810723822183512,10,euclidean,5,,COMPLETE
142,0.8305615521974362,2026-08-08 16:20:37.418559,2026-08-08 16:20:37.512467,0 days 00:00:00.093908,0.19503665350690483,10,euclidean,5,,COMPLETE
143,0.8305615521974362,2026-08-08 16:20:37.590727,2026-08-08 16:20:37.684626,0 days 00:00:00.093899,0.01789815946770404,10,euclidean,5,,COMPLETE
144,0.8305615521974362,2026-08-08 16:20:37.762905,2026-08-08 16:20:37.856841,0 days 00:00:00.093936,0.1765023424423075,10,euclidean,5,,COMPLETE
145,0.8152298349288035,2026-08-08 16:20:37.935304,2026-08-08 16:20:38.029618,0 days 00:00:00.094314,0.21300980204559006,10,euclidean,6,,COMPLETE
146,0.8305615521974362,2026-08-08 16:20:38.107868,2026-08-08 16:20:38.201840,0 days 00:00:00.093972,0.15914314533740495,40,minkowski,5,2.0,COMPLETE
147,0.8152298349288035,2026-08-08 16:20:38.280384,2026-08-08 16:20:38.374660,0 days 00:00:00.094276,0.13674154151184986,10,euclidean,6,,COMPLETE
148,0.8305615521974362,2026-08-08 16:20:38.452909,2026-08-08 16:20:38.546810,0 days 00:00:00.093901,0.17049712654307672,20,euclidean,5,,COMPLETE
149,0.8305615521974362,2026-08-08 16:20:38.625093,2026-08-08 16:20:38.718991,0 days 00:00:00.093898,0.18875594976044335,50,euclidean,5,,COMPLETE
150,0.8152298349288035,2026-08-08 16:20:38.797257,2026-08-08 16:20:38.891237,0 days 00:00:00.093980,0.3082538227709957,20,euclidean,6,,COMPLETE
151,0.8305615521974362,2026-08-08 16:20:38.969486,2026-08-08 16:20:39.063906,0 days 00:00:00.094420,0.16559151638552222,50,euclidean,5,,COMPLETE
152,0.8305615521974362,2026-08-08 16:20:39.142214,2026-08-08 16:20:39.236195,0 days 00:00:00.093981,0.20158801987844902,50,euclidean,5,,COMPLETE
153,0.8305615521974362,2026-08-08 16:20:39.314655,2026-08-08 16:20:39.408666,0 days 00:00:00.094011,0.1275448806702839,50,euclidean,5,,COMPLETE
154,0.8305615521974362,2026-08-08 16:20:39.486972,2026-08-08 16:20:39.580964,0 days 00:00:00.093992,0.14449339659519878,50,euclidean,5,,COMPLETE
155,0.7751822615698845,2026-08-08 16:20:39.659378,2026-08-08 16:20:40.317634,0 days 00:00:00.658256,0.17919652603415212,10,manhattan,6,,COMPLETE
156,0.8305615521974362,2026-08-08 16:20:40.396254,2026-08-08 16:20:40.490181,0 days 00:00:00.093927,0.1539679499025908,30,euclidean,5,,COMPLETE
157,0.8305615521974362,2026-08-08 16:20:40.569706,2026-08-08 16:20:40.662782,0 days 00:00:00.093076,0.21790770898840808,10,euclidean,5,,COMPLETE
158,0.8152298349288035,2026-08-08 16:20:40.741477,2026-08-08 16:20:40.835436,0 days 00:00:00.093959,0.08342482260667876,40,minkowski,6,2.0,COMPLETE
159,0.8305615521974362,2026-08-08 16:20:40.913686,2026-08-08 16:20:41.007962,0 days 00:00:00.094276,0.1939460275400872,30,euclidean,5,,COMPLETE
160,0.8152298349288035,2026-08-08 16:20:41.086247,2026-08-08 16:20:41.180215,0 days 00:00:00.093968,0.1668730879579538,10,euclidean,6,,COMPLETE
161,0.8305615521974362,2026-08-08 16:20:41.258704,2026-08-08 16:20:41.376084,0 days 00:00:00.117380,0.20249745203809366,20,euclidean,5,,COMPLETE
162,0.8305615521974362,2026-08-08 16:20:41.446807,2026-08-08 16:20:41.556359,0 days 00:00:00.109552,0.13613760190023344,20,euclidean,5,,COMPLETE
163,0.8305615521974362,2026-08-08 16:20:41.618970,2026-08-08 16:20:41.728554,0 days 00:00:00.109584,0.22991725133782714,20,euclidean,5,,COMPLETE
164,0.8305615521974362,2026-08-08 16:20:41.806850,2026-08-08 16:20:41.900763,0 days 00:00:00.093913,0.18392826134397552,20,euclidean,5,,COMPLETE
165,0.8152298349288035,2026-08-08 16:20:41.979684,2026-08-08 16:20:42.074148,0 days 00:00:00.094464,0.15063234172053663,50,euclidean,6,,COMPLETE
166,0.8305615521974362,2026-08-08 16:20:42.152394,2026-08-08 16:20:42.246382,0 days 00:00:00.093988,0.20839622618219802,20,euclidean,5,,COMPLETE
167,0.8305615521974362,2026-08-08 16:20:42.324662,2026-08-08 16:20:42.418577,0 days 00:00:00.093915,0.28599977341583566,40,euclidean,5,,COMPLETE
168,0.8152298349288035,2026-08-08 16:20:42.496834,2026-08-08 16:20:42.590738,0 days 00:00:00.093904,0.11403940042818271,10,euclidean,6,,COMPLETE
169,0.8305615521974362,2026-08-08 16:20:42.668988,2026-08-08 16:20:42.762896,0 days 00:00:00.093908,0.1959638730235337,20,euclidean,5,,COMPLETE
170,0.8124289791656066,2026-08-08 16:20:42.825608,2026-08-08 16:20:43.483838,0 days 00:00:00.658230,0.25913471270823407,30,minkowski,5,1.0,COMPLETE
171,0.8305615521974362,2026-08-08 16:20:43.562160,2026-08-08 16:20:43.656063,0 days 00:00:00.093903,0.29175423315769805,10,euclidean,5,,COMPLETE
172,0.8305615521974362,2026-08-08 16:20:43.734324,2026-08-08 16:20:43.828229,0 days 00:00:00.093905,0.3344075459983281,10,euclidean,5,,COMPLETE
173,0.8305615521974362,2026-08-08 16:20:43.906528,2026-08-08 16:20:44.000428,0 days 00:00:00.093900,0.3014307203069876,10,euclidean,5,,COMPLETE
174,0.8152298349288035,2026-08-08 16:20:44.079017,2026-08-08 16:20:44.173095,0 days 00:00:00.094078,0.17222211325856135,10,euclidean,6,,COMPLETE
175,0.8305615521974362,2026-08-08 16:20:44.251396,2026-08-08 16:20:44.345606,0 days 00:00:00.094210,0.12451356534573166,10,euclidean,5,,COMPLETE
176,0.8244652691462478,2026-08-08 16:20:44.424245,2026-08-08 16:20:44.549540,0 days 00:00:00.125295,0.26756367368489853,10,euclidean,35,,COMPLETE
177,0.8305615521974362,2026-08-08 16:20:44.627790,2026-08-08 16:20:44.721718,0 days 00:00:00.093928,0.10187497650817832,60,euclidean,5,,COMPLETE
178,0.8305615521974362,2026-08-08 16:20:44.800038,2026-08-08 16:20:44.893982,0 days 00:00:00.093944,0.2777528798580013,20,euclidean,5,,COMPLETE
179,0.7751822615698845,2026-08-08 16:20:44.972232,2026-08-08 16:20:45.615158,0 days 00:00:00.642926,0.14243776704530273,20,manhattan,6,,COMPLETE
180,0.8305615521974362,2026-08-08 16:20:45.693404,2026-08-08 16:20:45.787513,0 days 00:00:00.094109,0.15907638197009638,10,euclidean,5,,COMPLETE
181,0.8305615521974362,2026-08-08 16:20:45.865853,2026-08-08 16:20:45.959787,0 days 00:00:00.093934,0.3860720013174922,10,euclidean,5,,COMPLETE
182,0.8305615521974362,2026-08-08 16:20:46.038269,2026-08-08 16:20:46.132213,0 days 00:00:00.093944,0.3138882920143611,10,euclidean,5,,COMPLETE
183,0.8305615521974362,2026-08-08 16:20:46.210498,2026-08-08 16:20:46.304428,0 days 00:00:00.093930,0.35777887172463274,10,euclidean,5,,COMPLETE
184,0.8305615521974362,2026-08-08 16:20:46.382799,2026-08-08 16:20:46.476702,0 days 00:00:00.093903,0.4560044048094603,10,euclidean,5,,COMPLETE
185,0.8152298349288035,2026-08-08 16:20:46.554982,2026-08-08 16:20:46.648886,0 days 00:00:00.093904,0.42285999007254277,50,euclidean,6,,COMPLETE
186,0.8305615521974362,2026-08-08 16:20:46.727193,2026-08-08 16:20:46.821089,0 days 00:00:00.093896,0.22113373594375307,10,euclidean,5,,COMPLETE
187,0.8305615521974362,2026-08-08 16:20:46.899340,2026-08-08 16:20:46.993504,0 days 00:00:00.094164,0.18637937926750733,10,euclidean,5,,COMPLETE
188,0.8152298349288035,2026-08-08 16:20:47.072247,2026-08-08 16:20:47.166183,0 days 00:00:00.093936,0.13368182006379517,20,minkowski,6,2.0,COMPLETE
189,0.8305615521974362,2026-08-08 16:20:47.244432,2026-08-08 16:20:47.354423,0 days 00:00:00.109991,0.1734203273692439,30,euclidean,5,,COMPLETE
190,0.8305615521974362,2026-08-08 16:20:47.417146,2026-08-08 16:20:47.526692,0 days 00:00:00.109546,0.24807525736531694,10,euclidean,5,,COMPLETE
191,0.8305615521974362,2026-08-08 16:20:47.589304,2026-08-08 16:20:47.698921,0 days 00:00:00.109617,0.12046826357595088,10,euclidean,5,,COMPLETE
192,0.8305615521974362,2026-08-08 16:20:47.761547,2026-08-08 16:20:47.871391,0 days 00:00:00.109844,0.10408693712055654,10,euclidean,5,,COMPLETE
193,0.8305615521974362,2026-08-08 16:20:47.934263,2026-08-08 16:20:48.043836,0 days 00:00:00.109573,0.11875731411667337,10,euclidean,5,,COMPLETE
194,0.8152298349288035,2026-08-08 16:20:48.106484,2026-08-08 16:20:48.216092,0 days 00:00:00.109608,0.3442317957652937,10,euclidean,6,,COMPLETE
195,0.8305615521974362,2026-08-08 16:20:48.278706,2026-08-08 16:20:48.388768,0 days 00:00:00.110062,0.062432167305622094,10,euclidean,5,,COMPLETE
196,0.8305615521974362,2026-08-08 16:20:48.467465,2026-08-08 16:20:48.561746,0 days 00:00:00.094281,0.1441075790811865,20,euclidean,5,,COMPLETE
197,0.8152298349288035,2026-08-08 16:20:48.640015,2026-08-08 16:20:48.733916,0 days 00:00:00.093901,0.09111863099695307,40,euclidean,6,,COMPLETE
198,0.8305615521974362,2026-08-08 16:20:48.812182,2026-08-08 16:20:48.906505,0 days 00:00:00.094323,0.1302973858279636,10,euclidean,5,,COMPLETE
199,0.8305615521974362,2026-08-08 16:20:48.984856,2026-08-08 16:20:49.079248,0 days 00:00:00.094392,0.15887630661116012,10,euclidean,5,,COMPLETE
