number,value,datetime_start,datetime_complete,duration,params_epsilon,params_k,params_lr,params_n_epochs,params_proportion,params_samples,params_wd,state
0,0.7477188531997839,2026-08-31 18:13:13.366060,2026-08-31 18:13:24.130226,0 days 00:00:10.764166,0.1316230103092925,16,0.03253824951282945,50,2,SUBSPACE,0.00017296262304374396,COMPLETE
1,0.870271133013997,2026-08-31 18:13:24.211984,2026-08-31 18:14:00.607924,0 days 00:00:36.395940,0.27705326634679056,71,0.0049922254789382435,150,1,MIXED,0.0009582422386921224,COMPLETE
2,0.8494833802161699,2026-08-31 18:14:00.691847,2026-08-31 18:14:52.890253,0 days 00:00:52.198406,0.16956180282810995,23,0.001795570283181768,225,2,SUBSPACE,0.37650299356467154,COMPLETE
3,0.8598160787534738,2026-08-31 18:14:52.978936,2026-08-31 18:15:48.060173,0 days 00:00:55.081237,0.10084813565750601,115,0.0006376530778761661,200,1,UNIFORM,0.0002572107019414529,COMPLETE
4,0.8706478917260879,2026-08-31 18:15:48.156572,2026-08-31 18:16:05.840401,0 days 00:00:17.683829,0.11567747360938377,11,0.0007386265081951704,125,1,MIXED,0.011771842730435786,COMPLETE
5,0.8689697405816379,2026-08-31 18:16:05.923911,2026-08-31 18:16:55.091340,0 days 00:00:49.167429,0.17612921621304822,8,0.09757219939869242,250,2,UNIFORM,0.830368338123394,COMPLETE
6,0.871217875565441,2026-08-31 18:16:55.165715,2026-08-31 18:17:27.333987,0 days 00:00:32.168272,0.05264848237603523,5,0.00010492035552749626,250,1,SUBSPACE,0.0848088724003594,COMPLETE
7,0.8697874644744399,2026-08-31 18:17:27.416829,2026-08-31 18:18:05.207111,0 days 00:00:37.790282,0.15373239683064463,21,0.0002569052945923138,250,1,MIXED,0.0011801483065795376,COMPLETE
8,0.874541468898629,2026-08-31 18:18:05.290351,2026-08-31 18:18:51.744964,0 days 00:00:46.454613,0.030011457254553592,127,0.004493738331525859,75,2,SUBSPACE,0.0041402625948293555,COMPLETE
9,0.8650186198758997,2026-08-31 18:18:51.828555,2026-08-31 18:19:20.424130,0 days 00:00:28.595575,0.15295152091512204,124,0.033746009971539176,100,1,SUBSPACE,0.0009554235011655868,COMPLETE
10,0.8608515594903218,2026-08-31 18:19:20.508772,2026-08-31 18:19:34.575367,0 days 00:00:14.066595,0.4832060026363254,41,0.0059828656557797694,50,2,SUBSPACE,0.015727585109649635,COMPLETE
11,0.8713302368855259,2026-08-31 18:19:34.657458,2026-08-31 18:20:33.680419,0 days 00:00:59.022961,0.025517328640056375,5,0.0001174882481441661,300,2,SUBSPACE,0.05964735346404272,COMPLETE
12,0.8823265032188037,2026-08-31 18:20:33.761741,2026-08-31 18:22:00.365230,0 days 00:01:26.603489,0.02731688088823997,53,0.004638344593168668,300,2,SUBSPACE,0.012223037758875947,COMPLETE
13,0.8382826829096918,2026-08-31 18:22:00.439994,2026-08-31 18:23:24.424222,0 days 00:01:23.984228,0.02027278019413456,54,0.00494251970873756,300,2,SUBSPACE,0.00622283477768624,COMPLETE
14,0.868359476269047,2026-08-31 18:23:24.498929,2026-08-31 18:24:16.040162,0 days 00:00:51.541233,0.26386385116625444,80,0.012264743676940349,175,2,SUBSPACE,0.0048625450296150416,COMPLETE
15,0.8722394247100411,2026-08-31 18:24:16.115518,2026-08-31 18:24:38.750657,0 days 00:00:22.635139,0.06435169742613545,39,0.0015923527980011122,100,2,UNIFORM,0.033057558125573115,COMPLETE
16,0.8700615534088789,2026-08-31 18:24:38.826039,2026-08-31 18:26:27.717375,0 days 00:01:48.891336,0.2297687572931894,144,0.013338379016563243,175,2,SUBSPACE,0.00224143566495967,COMPLETE
17,0.8453311600049427,2026-08-31 18:26:27.814783,2026-08-31 18:26:50.322558,0 days 00:00:22.507775,0.07897537912257703,77,0.0019443193891443154,75,2,SUBSPACE,0.14100942722428428,COMPLETE
18,0.8549006495756315,2026-08-31 18:26:50.394892,2026-08-31 18:27:49.585839,0 days 00:00:59.190947,0.449706915286868,35,0.011475502798954608,275,2,UNIFORM,0.021999840458737045,COMPLETE
19,0.8589768517508983,2026-08-31 18:27:49.656129,2026-08-31 18:28:56.199823,0 days 00:01:06.543694,0.3598495574635212,97,0.0029156025963261206,200,2,MIXED,0.00446131779014876,COMPLETE
20,0.874734694025891,2026-08-31 18:28:56.271840,2026-08-31 18:29:32.347869,0 days 00:00:36.076029,0.011903816938078626,57,0.0007703825667220036,125,2,SUBSPACE,0.0004015373278203455,COMPLETE
21,0.846216421834076,2026-08-31 18:29:32.428745,2026-08-31 18:30:00.859025,0 days 00:00:28.430280,0.010029490426771738,53,0.0008126662781734166,100,2,SUBSPACE,0.0004260608544934255,COMPLETE
22,0.8767508377126991,2026-08-31 18:30:00.930078,2026-08-31 18:30:38.076608,0 days 00:00:37.146530,0.06844766128029464,60,0.0004537455942115577,125,2,SUBSPACE,0.0027799945397086107,COMPLETE
23,0.8571648361765896,2026-08-31 18:30:38.151023,2026-08-31 18:31:08.936067,0 days 00:00:30.785044,0.08030339861415758,29,0.00033729262589521103,150,2,SUBSPACE,0.0004989857096242296,COMPLETE
24,0.8748276722611097,2026-08-31 18:31:09.007253,2026-08-31 18:31:43.351549,0 days 00:00:34.344296,0.06298210739591811,51,0.00023098534043580556,125,2,SUBSPACE,0.00011657549890892435,COMPLETE
25,0.8777115118563906,2026-08-31 18:31:43.430964,2026-08-31 18:32:18.209210,0 days 00:00:34.778246,0.22246952973009052,45,0.0003312762154275503,150,2,SUBSPACE,0.0025898581303430155,COMPLETE
26,0.8684282256481826,2026-08-31 18:32:18.278874,2026-08-31 18:32:53.395048,0 days 00:00:35.116174,0.3861600459147476,25,0.000534839241608475,175,2,SUBSPACE,0.002174616879654762,COMPLETE
27,0.8710061759354157,2026-08-31 18:32:53.464195,2026-08-31 18:33:25.925754,0 days 00:00:32.461559,0.198977326312517,33,0.00016211763730711144,150,2,SUBSPACE,0.009892656985742924,COMPLETE
28,0.8714535011908483,2026-08-31 18:33:26.001534,2026-08-31 18:34:07.120900,0 days 00:00:41.119366,0.3044669167388191,17,0.00042513393891717053,225,2,MIXED,0.0018585918032438403,COMPLETE
29,0.8871668229427883,2026-08-31 18:34:07.200758,2026-08-31 18:34:22.212783,0 days 00:00:15.012025,0.11912395382850506,64,0.0010301234242017891,50,2,UNIFORM,0.031589409363193335,COMPLETE
30,0.8713035851438347,2026-08-31 18:34:22.282130,2026-08-31 18:34:39.221721,0 days 00:00:16.939591,0.21659940954571988,89,0.0010417385846887392,50,2,UNIFORM,0.03839925873176837,COMPLETE
31,0.8881741376344399,2026-08-31 18:34:39.289242,2026-08-31 18:35:02.148023,0 days 00:00:22.858781,0.12515602798943237,63,0.0013567937359296798,75,2,UNIFORM,0.010209987613928644,COMPLETE
32,0.8759458339693409,2026-08-31 18:35:02.218531,2026-08-31 18:35:19.503769,0 days 00:00:17.285238,0.12551038228107908,44,0.002838229026601263,75,2,UNIFORM,0.010554838098078095,COMPLETE
33,0.887629594093974,2026-08-31 18:35:19.576483,2026-08-31 18:35:34.811758,0 days 00:00:15.235275,0.25612099896137047,71,0.0011437272700390037,50,2,UNIFORM,0.16711223429438576,COMPLETE
34,0.8824016126726608,2026-08-31 18:35:34.884571,2026-08-31 18:35:50.072002,0 days 00:00:15.187431,0.10796532742719189,66,0.0014081751423751616,50,2,UNIFORM,0.18037812303989825,COMPLETE
35,0.8785592189585953,2026-08-31 18:35:50.142866,2026-08-31 18:36:05.319899,0 days 00:00:15.177033,0.10849362625497835,69,0.001542081106177632,50,2,UNIFORM,0.23065034929308117,COMPLETE
36,0.874767705842304,2026-08-31 18:36:05.388582,2026-08-31 18:36:24.703169,0 days 00:00:19.314587,0.3014491015201983,95,0.001105644403611983,75,1,UNIFORM,0.5057927278151095,COMPLETE
37,0.883414378856931,2026-08-31 18:36:24.778566,2026-08-31 18:36:39.829780,0 days 00:00:15.051214,0.18550982422224807,69,0.001221487540801425,50,2,UNIFORM,0.09841790852105203,COMPLETE
38,0.8798927146252643,2026-08-31 18:36:39.899540,2026-08-31 18:37:01.729167,0 days 00:00:21.829627,0.25194862048568645,77,0.0024988910678452937,75,2,UNIFORM,0.09448730343756187,COMPLETE
39,0.8637980912507178,2026-08-31 18:37:01.801615,2026-08-31 18:37:15.768452,0 days 00:00:13.966837,0.1639664759294247,109,0.001097859791282377,50,1,UNIFORM,0.3362512008598672,COMPLETE
40,0.8674878431714603,2026-08-31 18:37:15.840281,2026-08-31 18:37:50.622600,0 days 00:00:34.782319,0.18040736070766297,101,0.0006278659529200989,100,2,UNIFORM,0.0424760656407155,COMPLETE
41,0.8796092370090932,2026-08-31 18:37:50.697858,2026-08-31 18:38:06.072820,0 days 00:00:15.374962,0.13202017483516915,65,0.001438084807418231,50,2,UNIFORM,0.14419624000037323,COMPLETE
42,0.8805014646343503,2026-08-31 18:38:06.142990,2026-08-31 18:38:21.477969,0 days 00:00:15.334979,0.13398506295981694,67,0.0024421451197958032,50,2,UNIFORM,0.9078606893597144,COMPLETE
43,0.8749482108201225,2026-08-31 18:38:21.548464,2026-08-31 18:38:44.306868,0 days 00:00:22.758404,0.09602528386167757,82,0.0009517341179406741,75,2,UNIFORM,0.184900813512932,COMPLETE
44,0.8696832803932828,2026-08-31 18:38:44.379167,2026-08-31 18:38:59.781193,0 days 00:00:15.402026,0.17763697800756,65,0.0020401547710059515,50,2,UNIFORM,0.06669589956548432,COMPLETE
45,0.8783060274125277,2026-08-31 18:38:59.850394,2026-08-31 18:39:17.598982,0 days 00:00:17.748588,0.2049472392253418,46,0.0012504500080149383,75,2,UNIFORM,0.025362957639603168,COMPLETE
46,0.8488455555797845,2026-08-31 18:39:17.668357,2026-08-31 18:39:46.033614,0 days 00:00:28.365257,0.14816323009994767,122,0.003558905232728761,50,2,UNIFORM,0.5417826641966299,COMPLETE
47,0.868392185224759,2026-08-31 18:39:46.119179,2026-08-31 18:39:59.195358,0 days 00:00:13.076179,0.09837513968762625,12,0.008578430761907334,75,2,UNIFORM,0.0974237608919473,COMPLETE
48,0.871467129922395,2026-08-31 18:39:59.273997,2026-08-31 18:40:13.648902,0 days 00:00:14.374905,0.19029992141136032,34,0.0005742883243425764,100,1,UNIFORM,0.26696512695677227,COMPLETE
49,0.8807004441149319,2026-08-31 18:40:13.718918,2026-08-31 18:40:44.366361,0 days 00:00:30.647443,0.23855091584028143,85,0.001935892558981937,100,2,MIXED,0.05825453589821702,COMPLETE
50,0.5,2026-08-31 18:40:44.439215,2026-08-31 18:41:17.579214,0 days 00:00:33.139999,0.2959469363268056,145,0.07730575783550384,50,2,UNIFORM,0.015686058957895422,COMPLETE
51,0.8361590236740152,2026-08-31 18:41:17.678555,2026-08-31 18:42:30.930908,0 days 00:01:13.252353,0.04376166792060893,51,0.022403411456411403,275,2,UNIFORM,0.007374939472310165,COMPLETE
52,0.8681871485301564,2026-08-31 18:42:30.999944,2026-08-31 18:42:52.827376,0 days 00:00:21.827432,0.046158762225087344,59,0.006351047748814046,75,2,UNIFORM,0.018360755126551335,COMPLETE
53,0.8743470323285627,2026-08-31 18:42:52.901414,2026-08-31 18:43:08.547023,0 days 00:00:15.645609,0.14929291854489818,73,0.004474142414665947,50,2,UNIFORM,0.13846572377081054,COMPLETE
54,0.8813452345474413,2026-08-31 18:43:08.618359,2026-08-31 18:44:08.626004,0 days 00:01:00.007645,0.33056204921238547,49,0.0007985502375000499,225,2,MIXED,0.027789605171579735,COMPLETE
55,0.8749494222629267,2026-08-31 18:44:08.730595,2026-08-31 18:44:30.722543,0 days 00:00:21.991948,0.08917485863335636,59,0.0032393465873423884,75,2,UNIFORM,0.05195103432867955,COMPLETE
56,0.8564079872846964,2026-08-31 18:44:30.827334,2026-08-31 18:46:53.202773,0 days 00:02:22.375439,0.12123585996553093,109,0.001596782208396035,275,2,UNIFORM,0.007378171080159269,COMPLETE
57,0.8719632157506949,2026-08-31 18:46:53.274083,2026-08-31 18:47:05.649383,0 days 00:00:12.375300,0.035189017127896446,43,0.004066461389214207,50,2,UNIFORM,0.10401276228940103,COMPLETE
58,0.8728057742209816,2026-08-31 18:47:05.719592,2026-08-31 18:47:51.287222,0 days 00:00:45.567630,0.25833968549379716,40,0.000860331476886352,200,2,UNIFORM,0.013725945598350745,COMPLETE
59,0.8713075223329481,2026-08-31 18:47:51.358668,2026-08-31 18:48:08.396302,0 days 00:00:17.037634,0.16297141776007235,7,0.001285666102470822,100,2,MIXED,0.07109263122100698,COMPLETE
60,0.8682389377100339,2026-08-31 18:48:08.466762,2026-08-31 18:48:19.067289,0 days 00:00:10.600527,0.10637705851055812,29,0.002061289123256633,50,2,UNIFORM,0.44900522508648055,COMPLETE
61,0.8812743651433985,2026-08-31 18:48:19.134292,2026-08-31 18:49:38.747852,0 days 00:01:19.613560,0.335617038141818,49,0.0007704749736529553,300,2,MIXED,0.03109289277536334,COMPLETE
62,0.8709513581485278,2026-08-31 18:49:38.820889,2026-08-31 18:50:28.911528,0 days 00:00:50.090639,0.4304993622056954,38,0.0006542329617378993,225,2,MIXED,0.046166239634976396,COMPLETE
63,0.8815551170132604,2026-08-31 18:50:28.983049,2026-08-31 18:51:39.672010,0 days 00:01:10.688961,0.37571195139379004,56,0.00044903705135583994,250,2,MIXED,0.02802458892088966,COMPLETE
64,0.8825276027242924,2026-08-31 18:51:39.757667,2026-08-31 18:52:54.271172,0 days 00:01:14.513505,0.4891401848508196,73,0.00037270944700433045,250,2,MIXED,0.017742542091701806,COMPLETE
65,0.8791264770516388,2026-08-31 18:52:54.343691,2026-08-31 18:54:23.046420,0 days 00:01:28.702729,0.4730841202568855,74,0.00030556245617375464,300,2,MIXED,0.019780405681976636,COMPLETE
66,0.8701696746791493,2026-08-31 18:54:23.119275,2026-08-31 18:55:46.199182,0 days 00:01:23.079907,0.41848791699733023,89,0.00014201085827074785,250,2,UNIFORM,0.003474267138614191,COMPLETE
67,0.8516982005228587,2026-08-31 18:55:46.268246,2026-08-31 18:57:05.519705,0 days 00:01:19.251459,0.056323697825633456,63,0.00020121454547044406,275,2,SUBSPACE,0.005458752649590008,COMPLETE
68,0.8801674092811055,2026-08-31 18:57:05.600578,2026-08-31 18:57:28.514293,0 days 00:00:22.913715,0.0776882293966443,73,0.0003669586127851982,75,2,MIXED,0.009483590195407818,COMPLETE
69,0.851371413826439,2026-08-31 18:57:28.586071,2026-08-31 18:58:32.809597,0 days 00:01:04.223526,0.49269159260736284,94,0.005978140019042409,200,2,UNIFORM,0.1988614866435171,COMPLETE
70,0.8621880837640012,2026-08-31 18:58:32.879048,2026-08-31 18:59:10.739928,0 days 00:00:37.860880,0.13905542599215934,80,0.0005457177036737469,125,2,SUBSPACE,0.6731313181029646,COMPLETE
71,0.8833080747508667,2026-08-31 18:59:10.811976,2026-08-31 19:00:21.251175,0 days 00:01:10.439199,0.38793141715805946,55,0.00046046619476857413,250,2,MIXED,0.012864354011038671,COMPLETE
72,0.8740408401598136,2026-08-31 19:00:21.328812,2026-08-31 19:01:36.885236,0 days 00:01:15.556424,0.40869091482392206,53,0.0012925561942876134,275,2,MIXED,0.013557068851454015,COMPLETE
73,0.8868781966946996,2026-08-31 19:01:36.958049,2026-08-31 19:02:49.351349,0 days 00:01:12.393300,0.46296656532351294,64,0.0002689041313737537,250,2,MIXED,0.00826618857044522,COMPLETE
74,0.8795810709638966,2026-08-31 19:02:49.422051,2026-08-31 19:04:02.596460,0 days 00:01:13.174409,0.48648944333065824,69,0.00020363667150526875,250,2,MIXED,0.008654186418817529,COMPLETE
75,0.8848048123353952,2026-08-31 19:04:02.686748,2026-08-31 19:05:15.283242,0 days 00:01:12.596494,0.4686308142495735,61,0.00030009291665370895,250,2,MIXED,0.3173910434029713,COMPLETE
76,0.8865798789041773,2026-08-31 19:05:15.355500,2026-08-31 19:06:20.210897,0 days 00:01:04.855397,0.46853439689600007,60,0.00037630928732941744,225,2,MIXED,0.32151081382856656,COMPLETE
77,0.8871946861272839,2026-08-31 19:06:20.292088,2026-08-31 19:07:24.974436,0 days 00:01:04.682348,0.4598867105373547,58,0.00026158559353810375,225,2,MIXED,0.33996731962334753,COMPLETE
78,0.8867119261698297,2026-08-31 19:07:25.049623,2026-08-31 19:08:30.219081,0 days 00:01:05.169458,0.46324932177292716,60,0.0002590554235273337,225,2,MIXED,0.33131052696819135,COMPLETE
79,0.8849096021379542,2026-08-31 19:08:30.291834,2026-08-31 19:09:35.429555,0 days 00:01:05.137721,0.4615911843907,61,0.00026177616733798903,225,2,MIXED,0.4002750394663433,COMPLETE
80,0.8786958091347634,2026-08-31 19:09:35.501660,2026-08-31 19:10:33.661951,0 days 00:00:58.160291,0.45432151546546967,47,0.00010812632374161536,225,2,MIXED,0.39621333323708874,COMPLETE
81,0.8849202022624906,2026-08-31 19:10:33.742738,2026-08-31 19:11:39.274281,0 days 00:01:05.531543,0.4661837800456869,61,0.00025940813317995657,225,2,MIXED,0.3220780152078169,COMPLETE
82,0.8843256867063536,2026-08-31 19:11:39.343355,2026-08-31 19:12:43.358333,0 days 00:01:04.014978,0.44680339701987515,57,0.0002511474285824473,225,2,MIXED,0.7019808146330514,COMPLETE
83,0.8808100796887077,2026-08-31 19:12:43.432923,2026-08-31 19:13:50.702329,0 days 00:01:07.269406,0.44293504320318206,81,0.00015680319320679562,225,2,MIXED,0.2602650106455757,COMPLETE
84,0.8710940055387164,2026-08-31 19:13:50.786688,2026-08-31 19:14:35.981593,0 days 00:00:45.194905,0.46767418567010893,38,0.0001274134657156821,200,2,MIXED,0.6394079434529162,COMPLETE
85,0.8856558509053112,2026-08-31 19:14:36.057610,2026-08-31 19:15:41.046066,0 days 00:01:04.988456,0.4138873242112184,62,0.00026351795547650874,225,2,MIXED,0.339151839517535,COMPLETE
86,0.8730447313141003,2026-08-31 19:15:41.118684,2026-08-31 19:16:23.453670,0 days 00:00:42.334986,0.4348158481918735,43,0.00021355326450194469,175,2,MIXED,0.1353615841676133,COMPLETE
87,0.8673285384427146,2026-08-31 19:16:23.519115,2026-08-31 19:17:32.477754,0 days 00:01:08.958639,0.4081387811686256,101,0.00017836112368378628,200,2,MIXED,0.27087738548689966,COMPLETE
88,0.8748867300978119,2026-08-31 19:17:32.553827,2026-08-31 19:18:37.582335,0 days 00:01:05.028508,0.4976290362764553,87,0.0002840653835213769,200,2,MIXED,0.9486587900140611,COMPLETE
89,0.8828777096946921,2026-08-31 19:18:37.652614,2026-08-31 19:19:43.924382,0 days 00:01:06.271768,0.4762890444810867,66,0.0004121498804598086,225,2,MIXED,0.5651376304149973,COMPLETE
90,0.8788033246836318,2026-08-31 19:19:43.994653,2026-08-31 19:20:45.112724,0 days 00:01:01.118071,0.4165836460243756,50,0.00024909078455798253,225,2,MIXED,0.30776915938945687,COMPLETE
91,0.8871519827684375,2026-08-31 19:20:45.181511,2026-08-31 19:21:50.806801,0 days 00:01:05.625290,0.4576870696802741,63,0.0001928855657844793,225,2,MIXED,0.39880544389975237,COMPLETE
92,0.8784077886080763,2026-08-31 19:21:50.879320,2026-08-31 19:23:05.584535,0 days 00:01:14.705215,0.45969373491238946,54,0.00017977758006861442,250,2,MIXED,0.2181074476149267,COMPLETE
93,0.8851225132107838,2026-08-31 19:23:05.682708,2026-08-31 19:24:16.882742,0 days 00:01:11.200034,0.4798966454879737,62,0.0003482807639375872,225,2,MIXED,0.1657155034599752,COMPLETE
94,0.8821717414005733,2026-08-31 19:24:16.987303,2026-08-31 19:25:22.958063,0 days 00:01:05.970760,0.43457050380678636,77,0.0005046764247551869,200,2,MIXED,0.15975882061415297,COMPLETE
95,0.8803639658760791,2026-08-31 19:25:23.045102,2026-08-31 19:26:37.148930,0 days 00:01:14.103828,0.4843004927779634,69,0.00037056241517666324,225,2,MIXED,0.42203317481832586,COMPLETE
96,0.878605556645854,2026-08-31 19:26:37.229735,2026-08-31 19:27:44.970700,0 days 00:01:07.740965,0.49993894807530276,47,0.0001280756545178,225,2,MIXED,0.0012830599941877267,COMPLETE
97,0.8871428969474062,2026-08-31 19:27:45.054858,2026-08-31 19:28:56.013014,0 days 00:01:10.958156,0.4504152765615428,64,0.00032785901509409547,225,2,MIXED,0.07989594513054427,COMPLETE
98,0.8830969808422435,2026-08-31 19:28:56.096890,2026-08-31 19:29:29.513211,0 days 00:00:33.416321,0.4461686668666769,55,0.0006125977422835452,175,1,MIXED,0.1175884750739183,COMPLETE
99,0.8842817719047031,2026-08-31 19:29:29.597867,2026-08-31 19:30:49.234466,0 days 00:01:19.636599,0.39720586185598106,66,0.00017991115012567783,250,2,MIXED,0.0783917114870157,COMPLETE
100,0.8756647792387777,2026-08-31 19:30:49.315915,2026-08-31 19:31:57.331770,0 days 00:01:08.015855,0.43364627627873553,83,0.00014881617536243084,200,2,MIXED,0.22772131643789525,COMPLETE
101,0.8844507681758821,2026-08-31 19:31:57.437654,2026-08-31 19:33:07.563303,0 days 00:01:10.125649,0.4776221915458973,62,0.0003239266851254538,225,2,MIXED,0.1709901106667124,COMPLETE
102,0.8873327906069571,2026-08-31 19:33:07.646427,2026-08-31 19:34:28.858698,0 days 00:01:21.212271,0.2768473318840528,76,0.000687083447575173,250,2,MIXED,0.45296297095893745,COMPLETE
103,0.8859487172032148,2026-08-31 19:34:28.939510,2026-08-31 19:35:50.541286,0 days 00:01:21.601776,0.28862105045053027,77,0.0010033151338899185,250,2,MIXED,0.4942956681781706,COMPLETE
104,0.8776418538951521,2026-08-31 19:35:50.623569,2026-08-31 19:37:22.035614,0 days 00:01:31.412045,0.27344977871808396,94,0.0009552722329098586,250,2,MIXED,0.7792850295605765,COMPLETE
105,0.8822586624217712,2026-08-31 19:37:22.119404,2026-08-31 19:38:52.400830,0 days 00:01:30.281426,0.29396251400518203,76,0.001718700222325561,275,2,MIXED,0.5227511314300994,COMPLETE
106,0.890005536293615,2026-08-31 19:38:52.484111,2026-08-31 19:40:13.961769,0 days 00:01:21.477658,0.24143540748716066,69,0.0007136358987753341,250,2,MIXED,0.4384495663299718,COMPLETE
107,0.8868055101264505,2026-08-31 19:40:14.048011,2026-08-31 19:41:35.227906,0 days 00:01:21.179895,0.23903599367939168,70,0.0006796134957435812,250,2,MIXED,0.2642883104841348,COMPLETE
108,0.8881499087783568,2026-08-31 19:41:35.305285,2026-08-31 19:43:05.455319,0 days 00:01:30.150034,0.24371684384040931,72,0.0007245360367853747,275,2,MIXED,0.12195890432233225,COMPLETE
109,0.8782678669641971,2026-08-31 19:43:05.537958,2026-08-31 19:45:36.211776,0 days 00:02:30.673818,0.23869823155522102,104,0.0007375621503209305,275,2,MIXED,0.03739662710063293,COMPLETE
110,0.8682053201722187,2026-08-31 19:45:36.296184,2026-08-31 19:47:12.661250,0 days 00:01:36.365066,0.2135273819605118,89,0.0006742099019725769,275,2,UNIFORM,0.0038795091000984935,COMPLETE
111,0.8889049405060439,2026-08-31 19:47:12.742232,2026-08-31 19:48:36.428471,0 days 00:01:23.686239,0.2475766702822243,74,0.0008742232218026027,250,2,MIXED,0.1164246794549987,COMPLETE
112,0.8884579181113121,2026-08-31 19:48:36.523174,2026-08-31 19:49:58.732313,0 days 00:01:22.209139,0.23012771208807367,72,0.0011159919679834996,250,2,MIXED,0.07997302997543893,COMPLETE
113,0.8811916841720152,2026-08-31 19:49:58.816036,2026-08-31 19:51:24.800565,0 days 00:01:25.984529,0.2671546605407496,84,0.0008673231481703237,250,2,MIXED,0.11844920782126354,COMPLETE
114,0.8565473032071738,2026-08-31 19:51:24.879028,2026-08-31 19:54:04.681452,0 days 00:02:39.802424,0.2521665682832619,117,0.001050025434991156,275,2,MIXED,0.09058257358640552,COMPLETE
115,0.8858227271515831,2026-08-31 19:54:04.768473,2026-08-31 19:55:43.276979,0 days 00:01:38.508506,0.31276707006707744,72,0.0013930376266524547,300,2,MIXED,0.059676524514470926,COMPLETE
116,0.8883325337810826,2026-08-31 19:55:43.355802,2026-08-31 19:56:31.925526,0 days 00:00:48.569724,0.22672138930874708,66,0.0011600830678734956,150,2,MIXED,0.07918373251098146,COMPLETE
117,0.8835742893070788,2026-08-31 19:56:32.009420,2026-08-31 19:57:56.095687,0 days 00:01:24.086267,0.22633456391723622,52,0.0008822245957975297,275,2,UNIFORM,0.07970273406984944,COMPLETE
118,0.8895015760870881,2026-08-31 19:57:56.182127,2026-08-31 19:58:45.656074,0 days 00:00:49.473947,0.19952859227978503,78,0.001165715334330665,150,2,MIXED,0.051813827857048474,COMPLETE
119,0.8790852879962976,2026-08-31 19:58:45.735508,2026-08-31 19:59:16.560473,0 days 00:00:30.824965,0.19774203320257683,93,0.0011821665767713374,75,2,MIXED,0.04456516896534287,COMPLETE
120,0.8641996845402937,2026-08-31 19:59:16.642224,2026-08-31 20:00:05.894250,0 days 00:00:49.252026,0.24772501217418696,70,0.0018040818181933632,150,2,UNIFORM,0.11191630957485238,COMPLETE
121,0.8862670238000053,2026-08-31 20:00:05.978010,2026-08-31 20:00:47.718247,0 days 00:00:41.740237,0.21473984985124747,79,0.001163782690788738,125,2,MIXED,0.06386047306202111,COMPLETE
122,0.8858823907096873,2026-08-31 20:00:47.799697,2026-08-31 20:02:02.657047,0 days 00:01:14.857350,0.22709924267317105,57,0.0015253029012953908,250,2,MIXED,0.04905031779979245,COMPLETE
123,0.8879618322830125,2026-08-31 20:02:02.739422,2026-08-31 20:02:53.633483,0 days 00:00:50.894061,0.28233907690090204,75,0.0007581946252942607,150,2,MIXED,0.023165013360839187,COMPLETE
124,0.8766599795023878,2026-08-31 20:02:53.718871,2026-08-31 20:03:44.242373,0 days 00:00:50.523502,0.2814244705231329,74,0.0022998655381223716,150,2,MIXED,0.034348475653837175,COMPLETE
125,0.8811756325548602,2026-08-31 20:03:44.321412,2026-08-31 20:04:35.434907,0 days 00:00:51.113495,0.26447093950363043,83,0.000756740821142316,150,2,MIXED,0.19998266757314243,COMPLETE
126,0.8889167520733843,2026-08-31 20:04:35.527067,2026-08-31 20:05:31.393364,0 days 00:00:55.866297,0.24176402296499586,67,0.001073511367587342,175,2,MIXED,0.024283231625383275,COMPLETE
127,0.8881450630071402,2026-08-31 20:05:31.475366,2026-08-31 20:06:29.334340,0 days 00:00:57.858974,0.2043037200809558,70,0.001025748896847365,175,2,MIXED,0.020089979010077023,COMPLETE
128,0.8833074690294647,2026-08-31 20:06:29.415549,2026-08-31 20:07:31.347332,0 days 00:01:01.931783,0.20504078906233222,88,0.0009026257961571622,175,2,MIXED,0.022854402854984187,COMPLETE
129,0.8870914106282299,2026-08-31 20:07:31.431711,2026-08-31 20:08:28.000932,0 days 00:00:56.569221,0.24582270317924032,68,0.0013204120232316967,175,2,MIXED,0.016462029070517307,COMPLETE
130,0.8887120182394829,2026-08-31 20:08:28.092297,2026-08-31 20:09:17.387501,0 days 00:00:49.295204,0.19094245792951597,76,0.001106979127589231,150,2,MIXED,0.011116137689143766,COMPLETE
131,0.8891021028224195,2026-08-31 20:09:17.469044,2026-08-31 20:10:07.046638,0 days 00:00:49.577594,0.23393956374955044,78,0.0010750005660096534,150,2,MIXED,0.011674293816946945,COMPLETE
132,0.8879130717101452,2026-08-31 20:10:07.127573,2026-08-31 20:10:57.159979,0 days 00:00:50.032406,0.23281978141820586,77,0.0011076234523969728,150,2,MIXED,0.010779898403056452,COMPLETE
133,0.8840276717765325,2026-08-31 20:10:57.259277,2026-08-31 20:11:48.789885,0 days 00:00:51.530608,0.23557020601907983,80,0.0010594753132967061,150,2,MIXED,0.02105227889155104,COMPLETE
134,0.8738267176441799,2026-08-31 20:11:48.873165,2026-08-31 20:12:49.212533,0 days 00:01:00.339368,0.19108601973945674,100,0.001686206635512297,150,2,MIXED,0.01119901143819665,COMPLETE
135,0.8904995020970078,2026-08-31 20:12:49.294621,2026-08-31 20:13:39.940489,0 days 00:00:50.645868,0.22025704701445162,71,0.0012100538424274043,150,2,MIXED,0.006103641405908809,COMPLETE
136,0.8726846299405666,2026-08-31 20:13:40.025891,2026-08-31 20:15:02.489258,0 days 00:01:22.463367,0.2285497768178605,108,0.0014444280831058679,150,2,MIXED,0.006518855159086905,COMPLETE
137,0.880106534280197,2026-08-31 20:15:02.585642,2026-08-31 20:15:48.289615,0 days 00:00:45.703973,0.21789282451416753,92,0.0008152454345646266,125,2,MIXED,0.010655555999897688,COMPLETE
138,0.8889288665014259,2026-08-31 20:15:48.374150,2026-08-31 20:16:39.646309,0 days 00:00:51.272159,0.20105237577683055,73,0.0011635133466460527,150,2,MIXED,0.005325014795990196,COMPLETE
139,0.8878888428540623,2026-08-31 20:16:39.728521,2026-08-31 20:17:21.536100,0 days 00:00:41.807579,0.16989330605182096,70,0.0005726342006468312,125,2,MIXED,0.004629315347987465,COMPLETE
140,0.8206864761794002,2026-08-31 20:17:21.622140,2026-08-31 20:19:10.865925,0 days 00:01:49.243785,0.20681879693306246,130,0.0009151374322056252,175,2,MIXED,0.005829366478663579,COMPLETE
141,0.8894301009616434,2026-08-31 20:19:10.951434,2026-08-31 20:20:02.582671,0 days 00:00:51.631237,0.19547132795819594,74,0.0011089254886851915,150,2,MIXED,0.014856972829702879,COMPLETE
142,0.8862294690730766,2026-08-31 20:20:02.666690,2026-08-31 20:20:55.072658,0 days 00:00:52.405968,0.18525683217765496,84,0.0012488822566769124,150,2,MIXED,0.015358222474581337,COMPLETE
143,0.889548519495749,2026-08-31 20:20:55.158299,2026-08-31 20:21:45.670122,0 days 00:00:50.511823,0.20322024953948808,72,0.0010009918180078048,150,2,MIXED,0.025183249164260534,COMPLETE
144,0.8889755070493857,2026-08-31 20:21:45.752404,2026-08-31 20:22:42.515061,0 days 00:00:56.762657,0.1961023079145164,67,0.0009812705019977535,175,2,MIXED,0.00838626899549699,COMPLETE
145,0.8887392757025763,2026-08-31 20:22:42.598528,2026-08-31 20:23:23.832407,0 days 00:00:41.233879,0.19367487001204187,67,0.0020851363550556533,125,2,MIXED,0.008120157186877188,COMPLETE
146,0.8873470250599059,2026-08-31 20:23:23.929504,2026-08-31 20:24:04.729683,0 days 00:00:40.800179,0.1946197502396648,66,0.0021107436242146184,125,2,MIXED,0.00743790669730392,COMPLETE
147,0.8818661549532263,2026-08-31 20:24:04.812007,2026-08-31 20:24:55.952572,0 days 00:00:51.140565,0.1738051026889949,81,0.0028368239825190154,150,2,MIXED,0.0029331319520521874,COMPLETE
148,0.8878185791714217,2026-08-31 20:24:56.037272,2026-08-31 20:25:36.378130,0 days 00:00:40.340858,0.21562370775991455,66,0.0014782084414726592,125,2,SUBSPACE,0.008610818323166458,COMPLETE
149,0.8834710138080252,2026-08-31 20:25:36.461406,2026-08-31 20:26:38.790532,0 days 00:01:02.329126,0.18096370530059203,87,0.0017795361032009202,175,2,MIXED,0.005298390674226319,COMPLETE
150,0.8850619410705762,2026-08-31 20:26:38.876066,2026-08-31 20:27:08.494120,0 days 00:00:29.618054,0.2235004668862766,57,0.0012215944690485755,150,1,MIXED,0.012737100471663439,COMPLETE
151,0.8893510543186725,2026-08-31 20:27:08.576552,2026-08-31 20:28:00.243367,0 days 00:00:51.666815,0.15897287251328482,73,0.0009706663707822592,150,2,MIXED,0.008719197674435367,COMPLETE
152,0.8886780978409667,2026-08-31 20:28:00.328150,2026-08-31 20:28:53.114260,0 days 00:00:52.786110,0.15855614644346466,75,0.0009601031466330783,150,2,MIXED,0.00867585315962828,COMPLETE
153,0.8885805766952325,2026-08-31 20:28:53.195791,2026-08-31 20:29:44.936298,0 days 00:00:51.740507,0.16041903056048568,74,0.0009755353515059314,150,2,MIXED,0.006821103051239955,COMPLETE
154,0.8882522756953075,2026-08-31 20:29:45.017366,2026-08-31 20:30:35.421631,0 days 00:00:50.404265,0.1545362783336723,78,0.0008717471152848234,150,2,MIXED,0.006655799004664194,COMPLETE
155,0.8840276717765323,2026-08-31 20:30:35.509867,2026-08-31 20:31:24.563862,0 days 00:00:49.053995,0.16328473003561017,97,0.0009552974993895743,125,2,MIXED,0.008151425392730734,COMPLETE
156,0.8889025176204355,2026-08-31 20:31:24.646023,2026-08-31 20:32:15.067066,0 days 00:00:50.421043,0.14376517517130555,72,0.0013453792458081226,150,2,MIXED,0.0036887880892608753,COMPLETE
157,0.8861155934494865,2026-08-31 20:32:15.152820,2026-08-31 20:33:08.240433,0 days 00:00:53.087613,0.14560082906994315,86,0.001523736023596372,150,2,MIXED,0.0037526971989864247,COMPLETE
158,0.888183526316172,2026-08-31 20:33:08.323705,2026-08-31 20:33:59.020988,0 days 00:00:50.697283,0.18046988066505873,74,0.001349833691016446,150,2,MIXED,0.004661717133312685,COMPLETE
159,0.8851849025151975,2026-08-31 20:33:59.102520,2026-08-31 20:34:50.050775,0 days 00:00:50.948255,0.1568791049161084,82,0.0009923991036370696,150,2,MIXED,0.009301077855750612,COMPLETE
160,0.8717621162452057,2026-08-31 20:34:50.136988,2026-08-31 20:35:26.717659,0 days 00:00:36.580671,0.19630403551043155,13,0.0008231200559613843,175,2,MIXED,0.00629954437231589,COMPLETE
161,0.8896154517106785,2026-08-31 20:35:26.808853,2026-08-31 20:36:16.229731,0 days 00:00:49.420878,0.16760354980209785,71,0.0010785726607736056,150,2,MIXED,0.014380188097956284,COMPLETE
162,0.8904050095582838,2026-08-31 20:36:16.319164,2026-08-31 20:37:05.743755,0 days 00:00:49.424591,0.13613222570601405,71,0.0010031974962576506,150,2,MIXED,0.01367979344103353,COMPLETE
163,0.8861864628535292,2026-08-31 20:37:05.824629,2026-08-31 20:37:53.904474,0 days 00:00:48.079845,0.14073023014913746,67,0.001280298405758319,150,2,MIXED,0.014299439418511988,COMPLETE
164,0.8888455798086405,2026-08-31 20:37:53.996483,2026-08-31 20:38:43.803778,0 days 00:00:49.807295,0.1691897485992539,79,0.0011008986776206854,150,2,MIXED,0.01154461237696693,COMPLETE
165,0.8870923192103332,2026-08-31 20:38:43.885393,2026-08-31 20:39:26.137102,0 days 00:00:42.251709,0.17345278052654864,80,0.0015799318607768364,125,2,MIXED,0.012585657331654669,COMPLETE
166,0.8875823478246121,2026-08-31 20:39:26.220322,2026-08-31 20:40:12.931375,0 days 00:00:46.711053,0.19134199165065613,60,0.0019526307052215761,150,2,MIXED,0.016846991161497085,COMPLETE
167,0.8854550542605233,2026-08-31 20:40:13.016588,2026-08-31 20:41:11.009551,0 days 00:00:57.992963,0.1281354294171557,69,0.001121933214586177,175,2,MIXED,0.026393195834167472,COMPLETE
168,0.8812319646452532,2026-08-31 20:41:11.090160,2026-08-31 20:42:10.339991,0 days 00:00:59.249831,0.20555996872014753,92,0.0006445991597413514,150,2,MIXED,0.010746620521996918,COMPLETE
169,0.8892480816803197,2026-08-31 20:42:10.420236,2026-08-31 20:42:49.015783,0 days 00:00:38.595547,0.18445773674408034,63,0.0008042233196969545,125,2,MIXED,0.003325588337234405,COMPLETE
170,0.8886299429895016,2026-08-31 20:42:49.097601,2026-08-31 20:43:28.287206,0 days 00:00:39.189605,0.17299606296743938,63,0.000520771803975608,125,2,MIXED,0.005318511817381899,COMPLETE
171,0.8896960126571545,2026-08-31 20:43:28.369135,2026-08-31 20:44:09.439661,0 days 00:00:41.070526,0.1860782558191154,71,0.0008056548238805128,125,2,MIXED,0.0035118759364698143,COMPLETE
172,0.8881898863908937,2026-08-31 20:44:09.517790,2026-08-31 20:44:50.257291,0 days 00:00:40.739501,0.18372674182209336,70,0.0007967139485598457,125,2,MIXED,0.0029413733013887054,COMPLETE
173,0.8881898863908939,2026-08-31 20:44:50.331240,2026-08-31 20:45:30.443332,0 days 00:00:40.112092,0.21077185198892542,66,0.0006029599016745807,125,2,MIXED,0.002286739137558462,COMPLETE
174,0.8810311680004652,2026-08-31 20:45:30.523346,2026-08-31 20:46:00.542516,0 days 00:00:30.019170,0.11484568226895525,59,0.0008548287430778387,100,2,MIXED,0.0018164098464681765,COMPLETE
175,0.8909837763579668,2026-08-31 20:46:00.624295,2026-08-31 20:46:41.607809,0 days 00:00:40.983514,0.2002090119359686,71,0.0007217631694671162,125,2,MIXED,0.003300927947501287,COMPLETE
176,0.8879975698457349,2026-08-31 20:46:41.690558,2026-08-31 20:47:31.481015,0 days 00:00:49.790457,0.1664582531121676,80,0.0007070602367085633,150,2,MIXED,0.0035450886578218886,COMPLETE
177,0.8888213509525574,2026-08-31 20:47:31.560562,2026-08-31 20:48:21.339433,0 days 00:00:49.778871,0.147986495731756,73,0.000786160220155526,150,2,MIXED,0.0032418749133474056,COMPLETE
178,0.8836675704029985,2026-08-31 20:48:21.431630,2026-08-31 20:49:05.304954,0 days 00:00:43.873324,0.13494234953195394,87,0.0013339764078105258,125,2,MIXED,0.0024894430279142703,COMPLETE
179,0.880525087769031,2026-08-31 20:49:05.395379,2026-08-31 20:49:59.387247,0 days 00:00:53.991868,0.25634645475101286,54,0.0009894223057433616,175,2,MIXED,0.0038113925432516184,COMPLETE
180,0.8871874174704589,2026-08-31 20:49:59.466729,2026-08-31 20:50:30.295925,0 days 00:00:30.829196,0.2005175408353242,63,0.0011662199648796888,100,2,SUBSPACE,0.001911037505275134,COMPLETE
181,0.8897072185030928,2026-08-31 20:50:30.377474,2026-08-31 20:51:21.232430,0 days 00:00:50.854956,0.17908620750292054,75,0.0008276730451046893,150,2,MIXED,0.0027912792969795176,COMPLETE
182,0.8894085978518695,2026-08-31 20:51:21.313455,2026-08-31 20:52:10.440330,0 days 00:00:49.126875,0.18266372982307003,72,0.0008933133749055295,150,2,MIXED,0.004245537248517523,COMPLETE
183,0.8908353746144584,2026-08-31 20:52:10.525317,2026-08-31 20:52:59.751193,0 days 00:00:49.225876,0.1823785627235525,71,0.0006695396840124968,150,2,MIXED,0.004371465775571292,COMPLETE
184,0.8712202984510493,2026-08-31 20:52:59.836261,2026-08-31 20:53:28.842967,0 days 00:00:29.006706,0.18429422848140561,5,0.0006150580911256489,150,2,MIXED,0.004439108714969389,COMPLETE
185,0.8903604890352312,2026-08-31 20:53:28.937903,2026-08-31 20:54:17.014029,0 days 00:00:48.076126,0.21852469250714449,69,0.0007218648987094073,150,2,MIXED,0.002722053706784956,COMPLETE
186,0.8897196357918353,2026-08-31 20:54:17.094407,2026-08-31 20:55:05.215508,0 days 00:00:48.121101,0.20108946116771675,68,0.0007442704409409961,150,2,MIXED,0.0026408170601193194,COMPLETE
187,0.889178726579782,2026-08-31 20:55:05.296123,2026-08-31 20:55:52.080220,0 days 00:00:46.784097,0.21206768578526353,63,0.0004958870393584856,150,2,MIXED,0.0018787368409732756,COMPLETE
188,0.8865883590038063,2026-08-31 20:55:52.162135,2026-08-31 20:56:37.666803,0 days 00:00:45.504668,0.21617770191302843,58,0.0004755170287819803,150,2,MIXED,0.0014633857949037236,COMPLETE
189,0.8900270394033886,2026-08-31 20:56:37.749273,2026-08-31 20:57:16.726580,0 days 00:00:38.977307,0.20904245132396165,63,0.0005809460859461694,125,2,MIXED,0.002611742726490395,COMPLETE
190,0.8894328267079527,2026-08-31 20:57:16.806223,2026-08-31 20:57:55.757941,0 days 00:00:38.951718,0.20920138029379734,63,0.0005303662403367012,125,2,MIXED,0.000982614190755972,COMPLETE
191,0.8891666121517405,2026-08-31 20:57:55.841983,2026-08-31 20:58:34.834145,0 days 00:00:38.992162,0.20923549284326415,63,0.0005459356461558796,125,2,MIXED,0.0006039585167512655,COMPLETE
192,0.8887959106536703,2026-08-31 20:58:34.926317,2026-08-31 20:59:13.730722,0 days 00:00:38.804405,0.20791829389425975,62,0.0005113844973634972,125,2,MIXED,0.0010036608773426462,COMPLETE
193,0.8868845567694212,2026-08-31 20:59:13.798669,2026-08-31 20:59:48.901478,0 days 00:00:35.102809,0.21733185232586485,58,0.0004366702923732856,125,2,MIXED,0.00034677823418100717,COMPLETE
194,0.8890000387661698,2026-08-31 20:59:48.966954,2026-08-31 21:00:24.866312,0 days 00:00:35.899358,0.18524820484004398,63,0.000674909974001431,125,2,MIXED,0.0006554366305739208,COMPLETE
195,0.8839458993872522,2026-08-31 21:00:24.937543,2026-08-31 21:00:58.511964,0 days 00:00:33.574421,0.20740356094659151,52,0.0005647260368782568,125,2,MIXED,0.0006441936930968881,COMPLETE
196,0.8890927141406874,2026-08-31 21:00:58.591101,2026-08-31 21:01:27.571014,0 days 00:00:28.979913,0.17742541273068885,64,0.0005629696228720247,100,2,MIXED,0.0014664238817098804,COMPLETE
197,0.8901606009725463,2026-08-31 21:01:27.642416,2026-08-31 21:02:04.773556,0 days 00:00:37.131140,0.22035539865262263,69,0.0006456319860398939,125,2,MIXED,0.0024062085563664056,COMPLETE
198,0.8908783808340057,2026-08-31 21:02:04.838657,2026-08-31 21:02:41.625318,0 days 00:00:36.786661,0.22182681779553903,71,0.0007121446061041588,125,2,MIXED,0.0019965453677490397,COMPLETE
199,0.8878567396197523,2026-08-31 21:02:41.696522,2026-08-31 21:03:18.869918,0 days 00:00:37.173396,0.21943970670290902,70,0.000718694662663041,125,2,MIXED,0.0026109965425792684,COMPLETE
