number,value,datetime_start,datetime_complete,duration,params_eps,params_metric,params_min_samples,state
0,0.907012241876747,2026-08-02 03:27:24.347886,2026-08-02 03:27:27.447743,0 days 00:00:03.099857,2.669869139646898,manhattan,6,COMPLETE
1,0.8522586231927027,2026-08-02 03:27:27.526223,2026-08-02 03:27:28.735818,0 days 00:00:01.209595,0.4021685631751659,manhattan,13,COMPLETE
2,0.9004240797122637,2026-08-02 03:27:28.807738,2026-08-02 03:27:30.218567,0 days 00:00:01.410829,1.7193724354370878,manhattan,23,COMPLETE
3,0.6273128600025764,2026-08-02 03:27:30.297972,2026-08-02 03:27:30.456145,0 days 00:00:00.158173,0.06542212039994946,euclidean,9,COMPLETE
4,0.8189604935191869,2026-08-02 03:27:30.517077,2026-08-02 03:27:30.760713,0 days 00:00:00.243636,0.18634333311500242,euclidean,20,COMPLETE
5,0.5042852702843624,2026-08-02 03:27:30.832151,2026-08-02 03:27:31.848467,0 days 00:00:01.016316,0.05001462257558786,manhattan,40,COMPLETE
6,0.894390042919157,2026-08-02 03:27:31.913559,2026-08-02 03:27:32.288866,0 days 00:00:00.375307,0.4660451407717226,euclidean,18,COMPLETE
7,0.906151916230966,2026-08-02 03:27:32.351438,2026-08-02 03:27:33.769571,0 days 00:00:01.418133,2.0411099582884433,manhattan,9,COMPLETE
8,0.8427270533821074,2026-08-02 03:27:33.847782,2026-08-02 03:27:35.036382,0 days 00:00:01.188600,0.4531660961433321,manhattan,18,COMPLETE
9,0.892111176770083,2026-08-02 03:27:35.099170,2026-08-02 03:27:35.470153,0 days 00:00:00.370983,0.47956797586299693,euclidean,24,COMPLETE
10,0.910602299518054,2026-08-02 03:27:35.548573,2026-08-02 03:27:37.121731,0 days 00:00:01.573158,4.637641820811822,manhattan,3,COMPLETE
11,0.910602299518054,2026-08-02 03:27:37.192498,2026-08-02 03:27:38.765088,0 days 00:00:01.572590,4.535105394475716,manhattan,3,COMPLETE
12,0.910602299518054,2026-08-02 03:27:38.837076,2026-08-02 03:27:40.421730,0 days 00:00:01.584654,4.655582670563489,manhattan,3,COMPLETE
13,0.910602299518054,2026-08-02 03:27:40.499907,2026-08-02 03:27:42.057473,0 days 00:00:01.557566,4.542902280031961,manhattan,3,COMPLETE
14,0.9063625247669505,2026-08-02 03:27:42.120014,2026-08-02 03:27:43.514950,0 days 00:00:01.394936,1.2821125481551883,manhattan,5,COMPLETE
15,0.9060169631884906,2026-08-02 03:27:43.593195,2026-08-02 03:27:44.997620,0 days 00:00:01.404425,1.024594692278822,manhattan,4,COMPLETE
16,0.910602299518054,2026-08-02 03:27:45.060269,2026-08-02 03:27:46.507596,0 days 00:00:01.447327,3.1850245749669495,manhattan,3,COMPLETE
17,0.910602299518054,2026-08-02 03:27:46.570381,2026-08-02 03:27:48.169244,0 days 00:00:01.598863,4.99161499908184,manhattan,5,COMPLETE
18,0.8992969150961336,2026-08-02 03:27:48.248140,2026-08-02 03:27:48.682075,0 days 00:00:00.433935,1.0413112507839886,euclidean,8,COMPLETE
19,0.910602299518054,2026-08-02 03:27:48.744686,2026-08-02 03:27:50.193100,0 days 00:00:01.448414,2.8814524515262776,manhattan,4,COMPLETE
20,0.9102746294414374,2026-08-02 03:27:50.286914,2026-08-02 03:27:51.687769,0 days 00:00:01.400855,1.7112683377919504,manhattan,3,COMPLETE
21,0.910602299518054,2026-08-02 03:27:51.766152,2026-08-02 03:27:53.335342,0 days 00:00:01.569190,4.772983820715009,manhattan,3,COMPLETE
22,0.910602299518054,2026-08-02 03:27:53.414131,2026-08-02 03:27:54.868624,0 days 00:00:01.454493,3.073152203642526,manhattan,4,COMPLETE
23,0.910602299518054,2026-08-02 03:27:54.931704,2026-08-02 03:27:56.403790,0 days 00:00:01.472086,3.5157985911048772,manhattan,3,COMPLETE
24,0.9070291110070564,2026-08-02 03:27:56.482355,2026-08-02 03:27:57.923912,0 days 00:00:01.441557,2.219242266394411,manhattan,6,COMPLETE
25,0.910602299518054,2026-08-02 03:27:57.986649,2026-08-02 03:27:59.479440,0 days 00:00:01.492791,3.8030540736812024,manhattan,4,COMPLETE
26,0.9025940632929769,2026-08-02 03:27:59.551400,2026-08-02 03:28:00.004661,0 days 00:00:00.453261,1.4802002361359423,euclidean,3,COMPLETE
27,0.910602299518054,2026-08-02 03:28:00.065802,2026-08-02 03:28:01.646787,0 days 00:00:01.580985,4.885829273319585,manhattan,5,COMPLETE
28,0.903721227909107,2026-08-02 03:28:01.709632,2026-08-02 03:28:03.072319,0 days 00:00:01.362687,0.7023700188914029,manhattan,7,COMPLETE
29,0.9100599314193174,2026-08-02 03:28:03.134863,2026-08-02 03:28:04.590895,0 days 00:00:01.456032,2.4340558369002747,manhattan,4,COMPLETE
30,0.9075719902915598,2026-08-02 03:28:04.653485,2026-08-02 03:28:06.127556,0 days 00:00:01.474071,2.9476232006334193,manhattan,6,COMPLETE
31,0.910602299518054,2026-08-02 03:28:06.190162,2026-08-02 03:28:07.687147,0 days 00:00:01.496985,3.9322872561942743,manhattan,3,COMPLETE
32,0.910602299518054,2026-08-02 03:28:07.749967,2026-08-02 03:28:09.271930,0 days 00:00:01.521963,4.0522227086132405,manhattan,3,COMPLETE
33,0.9100599314193174,2026-08-02 03:28:09.334553,2026-08-02 03:28:10.763434,0 days 00:00:01.428881,2.3174782034316457,manhattan,4,COMPLETE
34,0.910602299518054,2026-08-02 03:28:10.827617,2026-08-02 03:28:12.400827,0 days 00:00:01.573210,4.936218130529006,manhattan,3,COMPLETE
35,0.9095911740710221,2026-08-02 03:28:12.464339,2026-08-02 03:28:13.882455,0 days 00:00:01.418116,2.0287991455745855,manhattan,5,COMPLETE
36,0.8982765883052966,2026-08-02 03:28:13.945340,2026-08-02 03:28:14.323116,0 days 00:00:00.377776,0.2610888826124171,euclidean,3,COMPLETE
37,0.9036154124553478,2026-08-02 03:28:14.385971,2026-08-02 03:28:15.853878,0 days 00:00:01.467907,3.4500036380906973,manhattan,48,COMPLETE
38,0.7914029800085469,2026-08-02 03:28:15.926389,2026-08-02 03:28:17.031731,0 days 00:00:01.105342,0.1333098465704949,manhattan,4,COMPLETE
39,0.9025940632929769,2026-08-02 03:28:17.099978,2026-08-02 03:28:17.834122,0 days 00:00:00.734144,2.5909791461363962,euclidean,12,COMPLETE
40,0.9102746294414374,2026-08-02 03:28:17.912792,2026-08-02 03:28:19.340589,0 days 00:00:01.427797,1.6877116983600593,manhattan,3,COMPLETE
41,0.910602299518054,2026-08-02 03:28:19.403231,2026-08-02 03:28:20.879264,0 days 00:00:01.476033,3.765783231691008,manhattan,3,COMPLETE
42,0.910602299518054,2026-08-02 03:28:20.943380,2026-08-02 03:28:22.382790,0 days 00:00:01.439410,3.033691210114609,manhattan,3,COMPLETE
43,0.910602299518054,2026-08-02 03:28:22.469286,2026-08-02 03:28:24.006124,0 days 00:00:01.536838,4.077971890340775,manhattan,4,COMPLETE
44,0.910602299518054,2026-08-02 03:28:24.070437,2026-08-02 03:28:25.497689,0 days 00:00:01.427252,2.7565488093945976,manhattan,3,COMPLETE
45,0.9095911740710221,2026-08-02 03:28:25.565938,2026-08-02 03:28:26.999954,0 days 00:00:01.434016,2.0155696180026847,manhattan,4,COMPLETE
46,0.9025940632929769,2026-08-02 03:28:27.067660,2026-08-02 03:28:28.440639,0 days 00:00:01.372979,4.266714830165753,euclidean,5,COMPLETE
47,0.910602299518054,2026-08-02 03:28:28.519040,2026-08-02 03:28:29.958773,0 days 00:00:01.439733,3.333947198169764,manhattan,3,COMPLETE
48,0.9064841869794851,2026-08-02 03:28:30.037285,2026-08-02 03:28:31.413014,0 days 00:00:01.375729,1.2939495288773049,manhattan,4,COMPLETE
49,0.9019806403726339,2026-08-02 03:28:31.493877,2026-08-02 03:28:32.917875,0 days 00:00:01.423998,2.48849721032822,manhattan,34,COMPLETE
50,0.910602299518054,2026-08-02 03:28:32.980492,2026-08-02 03:28:34.584715,0 days 00:00:01.604223,4.8577583889454194,manhattan,5,COMPLETE
51,0.910602299518054,2026-08-02 03:28:34.647289,2026-08-02 03:28:36.239140,0 days 00:00:01.591851,4.993218285028428,manhattan,10,COMPLETE
52,0.910602299518054,2026-08-02 03:28:36.320661,2026-08-02 03:28:37.820934,0 days 00:00:01.500273,3.296677459532137,manhattan,5,COMPLETE
53,0.910602299518054,2026-08-02 03:28:37.894308,2026-08-02 03:28:39.419376,0 days 00:00:01.525068,4.172263957733225,manhattan,3,COMPLETE
54,0.9075719902915598,2026-08-02 03:28:39.498882,2026-08-02 03:28:40.970597,0 days 00:00:01.471715,3.2463663023138234,manhattan,6,COMPLETE
55,0.910602299518054,2026-08-02 03:28:41.035530,2026-08-02 03:28:42.600069,0 days 00:00:01.564539,4.290974298905991,manhattan,3,COMPLETE
56,0.9025940632929769,2026-08-02 03:28:42.663814,2026-08-02 03:28:43.293559,0 days 00:00:00.629745,1.8224648832722785,euclidean,7,COMPLETE
57,0.910602299518054,2026-08-02 03:28:43.356150,2026-08-02 03:28:44.837252,0 days 00:00:01.481102,2.8442412566507427,manhattan,4,COMPLETE
58,0.7756891295324286,2026-08-02 03:28:44.899884,2026-08-02 03:28:46.011599,0 days 00:00:01.111715,0.09709104219827637,manhattan,3,COMPLETE
59,0.910602299518054,2026-08-02 03:28:46.089766,2026-08-02 03:28:47.605884,0 days 00:00:01.516118,3.573193741174614,manhattan,5,COMPLETE
60,0.910602299518054,2026-08-02 03:28:47.668462,2026-08-02 03:28:49.238664,0 days 00:00:01.570202,4.289133589210396,manhattan,7,COMPLETE
61,0.9100425511032413,2026-08-02 03:28:49.317833,2026-08-02 03:28:50.773475,0 days 00:00:01.455642,2.510798127779503,manhattan,4,COMPLETE
62,0.910602299518054,2026-08-02 03:28:50.836280,2026-08-02 03:28:52.287477,0 days 00:00:01.451197,2.8977166424434024,manhattan,3,COMPLETE
63,0.910602299518054,2026-08-02 03:28:52.365720,2026-08-02 03:28:53.843643,0 days 00:00:01.477923,3.699222144194777,manhattan,4,COMPLETE
64,0.910602299518054,2026-08-02 03:28:53.906216,2026-08-02 03:28:55.487733,0 days 00:00:01.581517,4.605615744286326,manhattan,3,COMPLETE
65,0.9070291110070564,2026-08-02 03:28:55.550333,2026-08-02 03:28:56.979550,0 days 00:00:01.429217,2.063530492078134,manhattan,6,COMPLETE
66,0.910602299518054,2026-08-02 03:28:57.042430,2026-08-02 03:28:58.624105,0 days 00:00:01.581675,4.9951834861991795,manhattan,4,COMPLETE
67,0.9025940632929769,2026-08-02 03:28:58.686836,2026-08-02 03:29:00.151463,0 days 00:00:01.464627,3.3160126904315432,euclidean,3,COMPLETE
68,0.910602299518054,2026-08-02 03:29:00.214097,2026-08-02 03:29:01.701980,0 days 00:00:01.487883,3.7624834314773863,manhattan,4,COMPLETE
69,0.910602299518054,2026-08-02 03:29:01.764175,2026-08-02 03:29:03.196864,0 days 00:00:01.432689,2.8317995358906045,manhattan,3,COMPLETE
70,0.9100599314193174,2026-08-02 03:29:03.275900,2026-08-02 03:29:04.706058,0 days 00:00:01.430158,2.2109148583059604,manhattan,3,COMPLETE
71,0.910602299518054,2026-08-02 03:29:04.784272,2026-08-02 03:29:06.339311,0 days 00:00:01.555039,4.510153066625472,manhattan,3,COMPLETE
72,0.910602299518054,2026-08-02 03:29:06.417549,2026-08-02 03:29:07.907008,0 days 00:00:01.489459,3.8399747258019548,manhattan,4,COMPLETE
73,0.910602299518054,2026-08-02 03:29:07.973473,2026-08-02 03:29:09.429792,0 days 00:00:01.456319,3.161834891966069,manhattan,3,COMPLETE
74,0.910602299518054,2026-08-02 03:29:09.502235,2026-08-02 03:29:11.047848,0 days 00:00:01.545613,4.41082014373011,manhattan,3,COMPLETE
75,0.910602299518054,2026-08-02 03:29:11.115322,2026-08-02 03:29:12.612195,0 days 00:00:01.496873,3.7446475020482075,manhattan,4,COMPLETE
76,0.9100425511032413,2026-08-02 03:29:12.674872,2026-08-02 03:29:14.124443,0 days 00:00:01.449571,2.5821549596990514,manhattan,3,COMPLETE
77,0.9025940632929769,2026-08-02 03:29:14.187240,2026-08-02 03:29:15.651313,0 days 00:00:01.464073,4.995123980978559,euclidean,5,COMPLETE
78,0.8923013378753895,2026-08-02 03:29:15.714329,2026-08-02 03:29:16.989532,0 days 00:00:01.275203,0.28893346025308725,manhattan,3,COMPLETE
79,0.9066815046855287,2026-08-02 03:29:17.066066,2026-08-02 03:29:18.476566,0 days 00:00:01.410500,1.5089844708429712,manhattan,4,COMPLETE
80,0.910602299518054,2026-08-02 03:29:18.539377,2026-08-02 03:29:19.980185,0 days 00:00:01.440808,3.0261463620642943,manhattan,3,COMPLETE
81,0.910602299518054,2026-08-02 03:29:20.058619,2026-08-02 03:29:21.585947,0 days 00:00:01.527328,4.045287951422763,manhattan,5,COMPLETE
82,0.910602299518054,2026-08-02 03:29:21.648836,2026-08-02 03:29:23.115183,0 days 00:00:01.466347,3.495382763066067,manhattan,4,COMPLETE
83,0.9100599314193174,2026-08-02 03:29:23.193888,2026-08-02 03:29:24.624824,0 days 00:00:01.430936,2.295346121714609,manhattan,3,COMPLETE
84,0.910602299518054,2026-08-02 03:29:24.703096,2026-08-02 03:29:26.232897,0 days 00:00:01.529801,4.4981341383556765,manhattan,4,COMPLETE
85,0.910602299518054,2026-08-02 03:29:26.311870,2026-08-02 03:29:27.751414,0 days 00:00:01.439544,3.1412646787717917,manhattan,3,COMPLETE
86,0.910602299518054,2026-08-02 03:29:27.829866,2026-08-02 03:29:29.350737,0 days 00:00:01.520871,4.042956567794513,manhattan,3,COMPLETE
87,0.508375778791516,2026-08-02 03:29:29.413500,2026-08-02 03:29:30.456481,0 days 00:00:01.042981,0.05067718657932507,manhattan,15,COMPLETE
88,0.8941334276641468,2026-08-02 03:29:30.525771,2026-08-02 03:29:31.869023,0 days 00:00:01.343252,0.818136056947465,manhattan,25,COMPLETE
89,0.9025940632929769,2026-08-02 03:29:31.932010,2026-08-02 03:29:32.779913,0 days 00:00:00.847903,2.7295011950604895,euclidean,4,COMPLETE
90,0.910602299518054,2026-08-02 03:29:32.858133,2026-08-02 03:29:34.363311,0 days 00:00:01.505178,3.49653288276413,manhattan,5,COMPLETE
91,0.910602299518054,2026-08-02 03:29:34.425883,2026-08-02 03:29:35.996266,0 days 00:00:01.570383,4.4442503963833095,manhattan,3,COMPLETE
92,0.910602299518054,2026-08-02 03:29:36.058847,2026-08-02 03:29:37.572873,0 days 00:00:01.514026,3.8654841982874193,manhattan,3,COMPLETE
93,0.9101933509044919,2026-08-02 03:29:37.641076,2026-08-02 03:29:39.111569,0 days 00:00:01.470493,3.4359663827493803,manhattan,6,COMPLETE
94,0.910602299518054,2026-08-02 03:29:39.189810,2026-08-02 03:29:40.652079,0 days 00:00:01.462269,3.0478140706843253,manhattan,3,COMPLETE
95,0.910602299518054,2026-08-02 03:29:40.721328,2026-08-02 03:29:42.269222,0 days 00:00:01.547894,4.673738977683385,manhattan,4,COMPLETE
96,0.9100599314193174,2026-08-02 03:29:42.348188,2026-08-02 03:29:43.772060,0 days 00:00:01.423872,1.912698881792566,manhattan,3,COMPLETE
97,0.9100599314193174,2026-08-02 03:29:43.834605,2026-08-02 03:29:45.268745,0 days 00:00:01.434140,2.400550778075816,manhattan,4,COMPLETE
98,0.910602299518054,2026-08-02 03:29:45.347255,2026-08-02 03:29:46.877084,0 days 00:00:01.529829,4.166630331820736,manhattan,3,COMPLETE
99,0.910602299518054,2026-08-02 03:29:46.939723,2026-08-02 03:29:48.377863,0 days 00:00:01.438140,2.7195395626153154,manhattan,3,COMPLETE
100,0.910602299518054,2026-08-02 03:29:48.456103,2026-08-02 03:29:49.922849,0 days 00:00:01.466746,3.5550171033016023,manhattan,4,COMPLETE
101,0.910602299518054,2026-08-02 03:29:49.985563,2026-08-02 03:29:51.560211,0 days 00:00:01.574648,4.559395710032809,manhattan,4,COMPLETE
102,0.910602299518054,2026-08-02 03:29:51.623162,2026-08-02 03:29:53.148869,0 days 00:00:01.525707,3.874525710511118,manhattan,5,COMPLETE
103,0.910602299518054,2026-08-02 03:29:53.211479,2026-08-02 03:29:54.673704,0 days 00:00:01.462225,3.2482021125943863,manhattan,3,COMPLETE
104,0.910602299518054,2026-08-02 03:29:54.747515,2026-08-02 03:29:56.281572,0 days 00:00:01.534057,4.164346849702763,manhattan,3,COMPLETE
105,0.9075719902915598,2026-08-02 03:29:56.360784,2026-08-02 03:29:57.831930,0 days 00:00:01.471146,2.965392926223206,manhattan,6,COMPLETE
106,0.910602299518054,2026-08-02 03:29:57.889866,2026-08-02 03:29:59.375817,0 days 00:00:01.485951,3.598258859312793,manhattan,4,COMPLETE
107,0.9025940632929769,2026-08-02 03:29:59.456273,2026-08-02 03:30:00.906994,0 days 00:00:01.450721,4.947904712266689,euclidean,3,COMPLETE
108,0.9100599314193174,2026-08-02 03:30:00.969692,2026-08-02 03:30:02.430809,0 days 00:00:01.461117,2.1158897541445185,manhattan,4,COMPLETE
109,0.910602299518054,2026-08-02 03:30:02.493609,2026-08-02 03:30:04.012990,0 days 00:00:01.519381,3.981025720202548,manhattan,3,COMPLETE
110,0.9100425511032413,2026-08-02 03:30:04.075561,2026-08-02 03:30:05.532422,0 days 00:00:01.456861,2.5317406890355625,manhattan,3,COMPLETE
111,0.910602299518054,2026-08-02 03:30:05.595908,2026-08-02 03:30:07.161568,0 days 00:00:01.565660,4.4827801903964755,manhattan,5,COMPLETE
112,0.910602299518054,2026-08-02 03:30:07.240276,2026-08-02 03:30:08.830968,0 days 00:00:01.590692,4.99431707266272,manhattan,5,COMPLETE
113,0.910602299518054,2026-08-02 03:30:08.893988,2026-08-02 03:30:10.350945,0 days 00:00:01.456957,3.2848632130429007,manhattan,4,COMPLETE
114,0.910602299518054,2026-08-02 03:30:10.429833,2026-08-02 03:30:11.988469,0 days 00:00:01.558636,4.252336332151642,manhattan,5,COMPLETE
115,0.910602299518054,2026-08-02 03:30:12.066768,2026-08-02 03:30:13.539834,0 days 00:00:01.473066,3.6475598048615674,manhattan,3,COMPLETE
116,0.910602299518054,2026-08-02 03:30:13.618078,2026-08-02 03:30:15.184932,0 days 00:00:01.566854,4.604929677773081,manhattan,6,COMPLETE
117,0.910602299518054,2026-08-02 03:30:15.263209,2026-08-02 03:30:16.737064,0 days 00:00:01.473855,2.84791728913136,manhattan,4,COMPLETE
118,0.910602299518054,2026-08-02 03:30:16.800063,2026-08-02 03:30:18.295821,0 days 00:00:01.495758,3.9213663577547715,manhattan,3,COMPLETE
119,0.910602299518054,2026-08-02 03:30:18.373110,2026-08-02 03:30:19.830091,0 days 00:00:01.456981,3.2748672260954406,manhattan,4,COMPLETE
120,0.9025940632929769,2026-08-02 03:30:19.908506,2026-08-02 03:30:21.357570,0 days 00:00:01.449064,4.632450890876949,euclidean,3,COMPLETE
121,0.910602299518054,2026-08-02 03:30:21.452436,2026-08-02 03:30:23.010047,0 days 00:00:01.557611,4.1921086449156135,manhattan,3,COMPLETE
122,0.910602299518054,2026-08-02 03:30:23.088280,2026-08-02 03:30:24.576430,0 days 00:00:01.488150,3.72837895333046,manhattan,3,COMPLETE
123,0.910602299518054,2026-08-02 03:30:24.639098,2026-08-02 03:30:26.097237,0 days 00:00:01.458139,3.4457390108383854,manhattan,3,COMPLETE
124,0.910602299518054,2026-08-02 03:30:26.159981,2026-08-02 03:30:27.608831,0 days 00:00:01.448850,3.026027787726322,manhattan,3,COMPLETE
125,0.910602299518054,2026-08-02 03:30:27.687097,2026-08-02 03:30:29.261874,0 days 00:00:01.574777,4.989587768330529,manhattan,4,COMPLETE
126,0.910602299518054,2026-08-02 03:30:29.324477,2026-08-02 03:30:30.858978,0 days 00:00:01.534501,3.988297977520216,manhattan,3,COMPLETE
127,0.910602299518054,2026-08-02 03:30:30.922018,2026-08-02 03:30:32.482255,0 days 00:00:01.560237,4.39963891868352,manhattan,3,COMPLETE
128,0.910602299518054,2026-08-02 03:30:32.560798,2026-08-02 03:30:34.070616,0 days 00:00:01.509818,3.778428086507608,manhattan,4,COMPLETE
129,0.9100425511032413,2026-08-02 03:30:34.133307,2026-08-02 03:30:35.622941,0 days 00:00:01.489634,2.770902489811381,manhattan,5,COMPLETE
130,0.910602299518054,2026-08-02 03:30:35.701365,2026-08-02 03:30:37.150047,0 days 00:00:01.448682,3.181402226941405,manhattan,3,COMPLETE
131,0.910602299518054,2026-08-02 03:30:37.212680,2026-08-02 03:30:38.747308,0 days 00:00:01.534628,4.237471604030148,manhattan,3,COMPLETE
132,0.910602299518054,2026-08-02 03:30:38.809910,2026-08-02 03:30:40.377703,0 days 00:00:01.567793,4.677650918983361,manhattan,3,COMPLETE
133,0.910602299518054,2026-08-02 03:30:40.456658,2026-08-02 03:30:41.943931,0 days 00:00:01.487273,3.6114339680653567,manhattan,3,COMPLETE
134,0.910602299518054,2026-08-02 03:30:42.006615,2026-08-02 03:30:43.535547,0 days 00:00:01.528932,3.9536641659869045,manhattan,3,COMPLETE
135,0.910602299518054,2026-08-02 03:30:43.598210,2026-08-02 03:30:45.186322,0 days 00:00:01.588112,4.971841935009526,manhattan,4,COMPLETE
136,0.910602299518054,2026-08-02 03:30:45.248957,2026-08-02 03:30:46.794298,0 days 00:00:01.545341,4.301381261362994,manhattan,3,COMPLETE
137,0.9100599314193174,2026-08-02 03:30:46.872841,2026-08-02 03:30:48.330753,0 days 00:00:01.457912,2.382273730374487,manhattan,3,COMPLETE
138,0.9075929489080048,2026-08-02 03:30:48.409645,2026-08-02 03:30:49.882776,0 days 00:00:01.473131,3.402141880975923,manhattan,7,COMPLETE
139,0.9025940632929769,2026-08-02 03:30:49.945373,2026-08-02 03:30:50.715070,0 days 00:00:00.769697,2.6254374159650387,euclidean,4,COMPLETE
140,0.910602299518054,2026-08-02 03:30:50.777682,2026-08-02 03:30:52.250264,0 days 00:00:01.472582,2.9900469821457123,manhattan,3,COMPLETE
141,0.910602299518054,2026-08-02 03:30:52.313045,2026-08-02 03:30:53.879047,0 days 00:00:01.566002,4.510383568878432,manhattan,3,COMPLETE
142,0.910602299518054,2026-08-02 03:30:53.941624,2026-08-02 03:30:55.487438,0 days 00:00:01.545814,3.992647367626052,manhattan,3,COMPLETE
143,0.910602299518054,2026-08-02 03:30:55.550211,2026-08-02 03:30:57.117441,0 days 00:00:01.567230,4.66776457501613,manhattan,3,COMPLETE
144,0.9103022334728529,2026-08-02 03:30:57.180033,2026-08-02 03:30:58.690503,0 days 00:00:01.510470,3.6695229579770134,manhattan,8,COMPLETE
145,0.910602299518054,2026-08-02 03:30:58.753117,2026-08-02 03:31:00.327320,0 days 00:00:01.574203,4.973553372173951,manhattan,5,COMPLETE
146,0.910602299518054,2026-08-02 03:31:00.422194,2026-08-02 03:31:01.950501,0 days 00:00:01.528307,4.108036021737405,manhattan,3,COMPLETE
147,0.910602299518054,2026-08-02 03:31:02.014209,2026-08-02 03:31:03.492496,0 days 00:00:01.478287,3.455612897094465,manhattan,3,COMPLETE
148,0.7607318339913998,2026-08-02 03:31:03.570720,2026-08-02 03:31:04.673751,0 days 00:00:01.103031,0.11439393535928745,manhattan,4,COMPLETE
149,0.910602299518054,2026-08-02 03:31:04.736524,2026-08-02 03:31:06.271424,0 days 00:00:01.534900,4.288183235456542,manhattan,3,COMPLETE
150,0.910602299518054,2026-08-02 03:31:06.334020,2026-08-02 03:31:07.798257,0 days 00:00:01.464237,3.1463263746378187,manhattan,4,COMPLETE
151,0.910602299518054,2026-08-02 03:31:07.877336,2026-08-02 03:31:09.372711,0 days 00:00:01.495375,3.9055207541126795,manhattan,3,COMPLETE
152,0.9048069864781141,2026-08-02 03:31:09.453463,2026-08-02 03:31:10.799978,0 days 00:00:01.346515,0.5387201071138494,manhattan,3,COMPLETE
153,0.910602299518054,2026-08-02 03:31:10.878446,2026-08-02 03:31:12.450304,0 days 00:00:01.571858,4.579538438676793,manhattan,3,COMPLETE
154,0.910602299518054,2026-08-02 03:31:12.513204,2026-08-02 03:31:14.002138,0 days 00:00:01.488934,3.8045565170023106,manhattan,3,COMPLETE
155,0.9036154124553478,2026-08-02 03:31:14.064802,2026-08-02 03:31:15.528831,0 days 00:00:01.464029,3.3623968142574987,manhattan,37,COMPLETE
156,0.910602299518054,2026-08-02 03:31:15.607594,2026-08-02 03:31:17.198793,0 days 00:00:01.591199,4.97273117233842,manhattan,3,COMPLETE
157,0.910602299518054,2026-08-02 03:31:17.261424,2026-08-02 03:31:18.821381,0 days 00:00:01.559957,4.235900526955492,manhattan,5,COMPLETE
158,0.910602299518054,2026-08-02 03:31:18.884040,2026-08-02 03:31:20.362169,0 days 00:00:01.478129,3.5775702613286384,manhattan,3,COMPLETE
159,0.9025940632929769,2026-08-02 03:31:20.441004,2026-08-02 03:31:21.890007,0 days 00:00:01.449003,4.419340076414655,euclidean,4,COMPLETE
160,0.9032754739203246,2026-08-02 03:31:21.968219,2026-08-02 03:31:23.456462,0 days 00:00:01.488243,2.902284134257326,manhattan,28,COMPLETE
161,0.910602299518054,2026-08-02 03:31:23.534848,2026-08-02 03:31:25.033023,0 days 00:00:01.498175,3.8549754465832913,manhattan,3,COMPLETE
162,0.910602299518054,2026-08-02 03:31:25.095850,2026-08-02 03:31:26.545589,0 days 00:00:01.449739,3.135760349469622,manhattan,3,COMPLETE
163,0.910602299518054,2026-08-02 03:31:26.608340,2026-08-02 03:31:28.164022,0 days 00:00:01.555682,4.160305830544203,manhattan,3,COMPLETE
164,0.910602299518054,2026-08-02 03:31:28.226622,2026-08-02 03:31:29.668772,0 days 00:00:01.442150,2.739748926884711,manhattan,3,COMPLETE
165,0.910602299518054,2026-08-02 03:31:29.747027,2026-08-02 03:31:31.299282,0 days 00:00:01.552255,4.654069980233186,manhattan,3,COMPLETE
166,0.910602299518054,2026-08-02 03:31:31.361901,2026-08-02 03:31:32.826777,0 days 00:00:01.464876,3.481845762226237,manhattan,3,COMPLETE
167,0.910602299518054,2026-08-02 03:31:32.905316,2026-08-02 03:31:34.392941,0 days 00:00:01.487625,3.794138694121484,manhattan,4,COMPLETE
168,0.9100599314193174,2026-08-02 03:31:34.455569,2026-08-02 03:31:35.895570,0 days 00:00:01.440001,2.2415044103719977,manhattan,3,COMPLETE
169,0.8458253503156061,2026-08-02 03:31:35.969028,2026-08-02 03:31:37.110510,0 days 00:00:01.141482,0.19797282807198957,manhattan,4,COMPLETE
170,0.907012241876747,2026-08-02 03:31:37.173060,2026-08-02 03:31:38.622255,0 days 00:00:01.449195,2.5471026048568466,manhattan,6,COMPLETE
171,0.910602299518054,2026-08-02 03:31:38.700553,2026-08-02 03:31:40.243341,0 days 00:00:01.542788,4.304021953723971,manhattan,4,COMPLETE
172,0.910602299518054,2026-08-02 03:31:40.321590,2026-08-02 03:31:41.920394,0 days 00:00:01.598804,4.98338566678971,manhattan,4,COMPLETE
173,0.910602299518054,2026-08-02 03:31:41.982960,2026-08-02 03:31:43.502225,0 days 00:00:01.519265,3.9760137109965914,manhattan,3,COMPLETE
174,0.910602299518054,2026-08-02 03:31:43.580482,2026-08-02 03:31:45.045693,0 days 00:00:01.465211,3.2560059510384476,manhattan,3,COMPLETE
175,0.910602299518054,2026-08-02 03:31:45.108281,2026-08-02 03:31:46.698637,0 days 00:00:01.590356,4.515991374064838,manhattan,5,COMPLETE
176,0.910602299518054,2026-08-02 03:31:46.776904,2026-08-02 03:31:48.288297,0 days 00:00:01.511393,4.1472674280617055,manhattan,3,COMPLETE
177,0.910602299518054,2026-08-02 03:31:48.350902,2026-08-02 03:31:49.854167,0 days 00:00:01.503265,3.6709567927713516,manhattan,4,COMPLETE
178,0.910602299518054,2026-08-02 03:31:49.932558,2026-08-02 03:31:51.500228,0 days 00:00:01.567670,4.715641484172452,manhattan,3,COMPLETE
179,0.910602299518054,2026-08-02 03:31:51.562847,2026-08-02 03:31:53.041752,0 days 00:00:01.478905,2.9744729255280795,manhattan,5,COMPLETE
180,0.910602299518054,2026-08-02 03:31:53.104354,2026-08-02 03:31:54.571518,0 days 00:00:01.467164,3.422979041495489,manhattan,3,COMPLETE
181,0.910602299518054,2026-08-02 03:31:54.649799,2026-08-02 03:31:56.090280,0 days 00:00:01.440481,2.764464237888024,manhattan,3,COMPLETE
182,0.910602299518054,2026-08-02 03:31:56.169042,2026-08-02 03:31:57.625127,0 days 00:00:01.456085,3.1548749920102837,manhattan,3,COMPLETE
183,0.910602299518054,2026-08-02 03:31:57.705150,2026-08-02 03:31:59.302087,0 days 00:00:01.596937,4.995966725201688,manhattan,3,COMPLETE
184,0.910602299518054,2026-08-02 03:31:59.364779,2026-08-02 03:32:00.876537,0 days 00:00:01.511758,3.9664517312202143,manhattan,3,COMPLETE
185,0.910602299518054,2026-08-02 03:32:00.954770,2026-08-02 03:32:02.524994,0 days 00:00:01.570224,4.370376913727506,manhattan,3,COMPLETE
186,0.9025940632929769,2026-08-02 03:32:02.587693,2026-08-02 03:32:04.106609,0 days 00:00:01.518916,3.59935200528069,euclidean,3,COMPLETE
187,0.9100425511032413,2026-08-02 03:32:04.184873,2026-08-02 03:32:05.631620,0 days 00:00:01.446747,2.5429750268333224,manhattan,4,COMPLETE
188,0.910602299518054,2026-08-02 03:32:05.710290,2026-08-02 03:32:07.262269,0 days 00:00:01.551979,4.440139934166426,manhattan,3,COMPLETE
189,0.910602299518054,2026-08-02 03:32:07.325075,2026-08-02 03:32:08.756988,0 days 00:00:01.431913,2.9373040649007227,manhattan,3,COMPLETE
190,0.9103022334728529,2026-08-02 03:32:08.836703,2026-08-02 03:32:10.380613,0 days 00:00:01.543910,3.94991771625196,manhattan,6,COMPLETE
191,0.910602299518054,2026-08-02 03:32:10.474941,2026-08-02 03:32:11.922266,0 days 00:00:01.447325,3.4044591515657974,manhattan,3,COMPLETE
192,0.910602299518054,2026-08-02 03:32:12.003094,2026-08-02 03:32:13.442321,0 days 00:00:01.439227,3.237245043929001,manhattan,3,COMPLETE
193,0.910602299518054,2026-08-02 03:32:13.520566,2026-08-02 03:32:15.095515,0 days 00:00:01.574949,4.616571331709896,manhattan,3,COMPLETE
194,0.910602299518054,2026-08-02 03:32:15.158333,2026-08-02 03:32:16.661109,0 days 00:00:01.502776,3.708625153880572,manhattan,3,COMPLETE
195,0.910602299518054,2026-08-02 03:32:16.738720,2026-08-02 03:32:18.257833,0 days 00:00:01.519113,4.126293019796932,manhattan,3,COMPLETE
196,0.9025536796173877,2026-08-02 03:32:18.336918,2026-08-02 03:32:19.802626,0 days 00:00:01.465708,2.7165504068892914,manhattan,47,COMPLETE
197,0.910602299518054,2026-08-02 03:32:19.865230,2026-08-02 03:32:21.322096,0 days 00:00:01.456866,3.0908217399158144,manhattan,3,COMPLETE
198,0.910602299518054,2026-08-02 03:32:21.400626,2026-08-02 03:32:22.889217,0 days 00:00:01.488591,3.6271427196312414,manhattan,4,COMPLETE
199,0.910602299518054,2026-08-02 03:32:22.951849,2026-08-02 03:32:24.544092,0 days 00:00:01.592243,4.617482037051996,manhattan,4,COMPLETE
